;ontario;covid19;update;june;visit;businesses;premier;people;#covid19;ford;support;2020;provides;help;updates;daily;safe;check;across;work;thank;testing;2;please;province;ontarios;reopen;continue;families;centre;tested;million;local;tomorrow;stage;new;great;care;communities;health;ontarians;social;together;safety;contact;happy;business;everyone;youth;plan;community;minister;spoke;place;school;access;working;celebrate;announced;launched;1;economy;workers;assessment;committed;strategy;live;shoulder;homes;reopening;making;regions;family;shop;living;critical;children;public;possible;government;nearest;test;home;18667970000;consider;ensure;internet;relief;yesterday;tune;cases;farms;canada;soon;week;3;primary;able;theyve;month
ontario;0;12;0;8;12;26;2;22;22;2;20;2;0;18;0;0;14;0;32;16;16;4;2;2;16;2;8;10;8;12;10;12;8;2;2;8;10;14;10;14;6;2;6;8;14;14;12;10;0;4;6;2;8;10;0;6;6;12;4;2;2;0;8;12;8;2;4;0;2;6;8;2;4;4;6;4;2;8;4;4;10;0;4;10;10;4;4;8;6;2;6;0;6;4;6;2;10;2;6;6
covid19;0;0;72;34;42;2;38;4;0;38;0;32;38;2;34;34;2;34;2;10;0;2;2;6;0;2;2;2;4;10;12;0;0;2;0;2;0;8;0;2;2;2;0;0;12;0;0;0;0;2;2;0;2;2;0;2;4;0;4;0;2;0;2;8;0;2;2;2;0;0;0;0;2;0;2;2;2;0;0;0;8;4;0;8;8;4;2;0;0;0;0;0;0;2;2;2;8;2;4;0
update;0;0;0;34;34;0;38;0;0;38;0;32;38;0;36;34;0;34;0;0;0;0;2;0;0;2;0;0;0;0;0;0;4;0;0;2;0;0;0;0;0;0;0;0;0;0;0;0;0;0;0;0;0;0;0;0;0;0;0;0;2;0;0;0;0;0;0;0;0;0;0;0;0;0;0;0;0;0;0;0;0;0;0;0;0;0;0;0;0;4;0;0;0;0;0;2;0;0;0;0
june;0;0;0;0;34;0;0;2;0;0;2;34;0;0;34;34;4;34;6;4;2;0;16;2;4;0;4;2;2;0;0;0;0;4;12;0;0;4;0;2;2;4;0;0;0;0;2;0;0;0;0;0;0;2;0;0;0;0;0;0;4;0;0;0;0;0;2;0;2;4;2;6;2;0;2;0;2;2;4;2;0;0;0;0;0;0;0;2;2;0;0;0;0;4;0;4;0;2;2;2
visit;0;0;0;0;0;0;0;0;4;0;0;32;0;4;34;34;0;34;0;8;0;2;2;0;0;0;0;0;0;12;10;0;0;0;0;0;0;10;0;4;0;0;0;2;10;0;0;0;0;0;0;0;0;0;0;0;0;0;0;0;2;0;0;10;0;0;2;0;0;0;0;0;0;0;0;0;0;0;0;0;10;0;0;10;10;0;0;0;0;0;0;0;0;0;0;2;10;0;0;0
businesses;0;0;0;0;0;0;0;6;10;0;12;0;0;12;0;0;6;0;14;8;0;0;0;4;12;2;6;4;8;0;0;4;4;2;0;6;0;0;0;2;0;0;6;4;0;0;2;0;0;4;0;0;2;2;0;2;2;0;2;4;0;2;4;0;0;0;2;0;0;0;2;0;2;2;2;2;0;0;0;4;0;0;0;0;0;2;2;6;0;0;0;2;2;0;0;0;0;0;4;0
premier;0;0;0;0;0;0;0;2;0;44;0;0;38;0;0;0;0;0;0;0;2;0;0;0;0;2;0;0;0;0;0;0;0;0;0;0;2;0;0;0;0;0;0;0;0;0;0;0;0;0;0;6;0;0;0;0;0;2;0;0;0;0;2;0;0;0;0;0;0;0;0;0;0;0;0;0;0;0;0;0;0;0;0;0;0;0;0;0;0;0;0;0;0;0;0;0;0;0;0;0
people;0;0;0;0;0;0;0;0;6;0;8;2;0;8;0;0;6;0;8;2;8;4;2;2;6;4;2;6;4;2;0;4;0;2;2;2;6;2;6;0;2;6;0;0;2;4;0;0;4;2;4;0;6;6;0;0;0;4;2;2;0;2;2;0;0;4;2;0;0;2;0;2;4;0;2;2;2;2;2;4;0;0;0;0;0;2;0;6;2;0;2;2;0;0;6;0;0;0;2;0
#covid19;0;0;0;0;0;0;0;0;0;0;4;0;0;10;0;0;4;0;2;8;4;10;0;12;6;4;2;10;4;10;12;2;2;6;0;4;2;4;0;10;0;0;4;6;6;2;4;4;0;0;2;0;2;0;0;0;2;0;2;0;2;4;2;6;2;4;4;4;0;2;4;0;2;2;2;4;0;2;0;6;2;6;0;2;2;0;0;4;4;0;4;2;2;0;2;0;2;4;2;0
ford;0;0;0;0;0;0;0;0;0;0;0;0;38;0;0;0;0;0;0;0;0;0;0;0;0;0;0;0;0;0;0;0;0;0;0;0;0;0;0;0;0;0;0;0;0;0;0;0;0;0;0;6;0;0;0;0;0;2;0;0;0;0;0;0;0;0;0;0;0;0;0;0;0;0;0;0;0;0;0;0;0;0;0;0;0;0;0;0;0;0;0;0;0;0;0;0;0;0;0;0
support;0;0;0;0;0;0;0;0;0;0;0;4;0;6;0;0;4;0;10;4;4;0;0;4;4;2;4;4;4;0;0;4;10;0;0;0;2;2;0;0;0;0;0;0;0;2;6;2;4;2;2;0;2;2;0;0;4;0;4;0;2;4;2;0;0;0;2;0;0;2;0;0;4;4;2;0;2;2;0;2;0;0;4;0;0;0;0;4;0;0;0;0;0;0;0;2;0;0;2;0
2020;0;0;0;0;0;0;0;0;0;0;0;0;0;2;32;32;0;32;2;0;0;0;2;0;0;4;0;0;0;0;0;0;0;2;0;0;0;0;0;0;2;0;0;0;0;0;2;0;2;0;2;0;0;0;0;0;0;2;0;0;0;0;0;0;0;0;0;0;0;0;0;0;0;0;0;0;0;0;0;0;0;0;0;0;0;0;0;2;0;4;0;0;0;0;0;4;0;0;0;0
provides;0;0;0;0;0;0;0;0;0;0;0;0;0;0;0;0;0;0;0;0;0;0;0;0;0;0;0;0;0;0;0;0;0;0;0;0;0;0;0;0;0;0;0;0;0;0;0;0;0;0;0;0;0;0;0;0;0;0;0;0;0;0;0;0;0;0;0;0;0;0;0;0;0;0;0;0;0;0;0;0;0;0;0;0;0;0;0;0;0;0;0;0;0;0;0;0;0;0;0;0
help;0;0;0;0;0;0;0;0;0;0;0;0;0;0;0;0;4;0;6;6;2;2;2;4;2;0;2;4;2;2;4;2;0;2;2;6;0;6;6;6;2;0;2;4;4;0;0;4;4;4;2;0;2;0;0;2;0;0;0;4;2;2;0;2;0;0;0;2;0;0;2;0;0;0;0;0;0;4;0;4;2;0;2;2;2;0;0;2;0;0;0;6;2;2;0;2;2;0;2;0
updates;0;0;0;0;0;0;0;0;0;0;0;0;0;0;0;34;0;34;0;0;0;0;2;0;0;2;0;0;0;0;0;0;0;0;0;2;0;0;0;0;0;0;0;0;0;0;0;0;0;0;0;0;0;0;0;0;0;0;0;0;2;0;0;0;0;0;0;0;0;0;0;0;0;0;0;0;0;0;0;0;0;0;0;0;0;0;0;0;0;0;0;0;0;0;0;2;0;0;0;0
daily;0;0;0;0;0;0;0;0;0;0;0;0;0;0;0;0;0;34;0;0;0;0;2;0;0;0;0;0;0;0;0;0;0;0;0;0;0;0;0;0;0;0;0;0;0;0;0;0;0;0;0;0;0;0;0;0;0;0;0;0;2;0;0;0;0;0;0;0;0;0;0;0;0;0;0;0;0;0;0;0;0;0;0;0;0;0;0;0;0;0;0;0;0;0;0;2;0;0;0;0
safe;0;0;0;0;0;0;0;0;0;0;0;0;0;0;0;0;0;0;4;8;4;0;0;6;4;2;8;2;4;2;4;0;2;6;0;2;0;2;2;4;4;2;0;4;0;4;2;6;0;6;0;0;2;8;2;0;0;2;0;2;0;0;0;2;0;0;2;2;0;2;0;0;0;2;2;2;8;2;2;0;0;0;2;0;0;2;0;0;0;0;0;2;2;0;2;0;0;0;2;2
check;0;0;0;0;0;0;0;0;0;0;0;0;0;0;0;0;0;0;0;0;0;0;2;0;0;0;0;0;0;0;0;0;0;0;0;0;0;0;0;0;0;0;0;0;0;0;0;0;0;0;0;0;0;0;0;0;0;0;0;0;2;0;0;0;0;0;0;0;0;0;0;0;0;0;0;0;0;0;0;0;0;0;0;0;0;0;0;0;0;0;0;0;0;0;0;2;0;0;0;0
across;0;0;0;0;0;0;0;0;0;0;0;0;0;0;0;0;0;0;0;6;8;0;2;4;12;2;6;2;6;0;0;6;2;2;2;0;6;4;4;2;2;0;2;2;0;4;2;0;0;0;0;0;2;4;0;2;4;2;0;0;0;0;4;0;0;0;2;0;2;2;2;2;0;0;2;0;2;2;2;2;0;0;0;0;0;2;2;4;0;2;0;0;0;2;0;2;0;0;0;0
work;0;0;0;0;0;0;0;0;0;0;0;0;0;0;0;0;0;0;0;0;0;2;2;4;4;2;10;2;2;8;10;0;4;2;2;0;2;10;4;4;0;0;4;4;8;0;2;0;0;4;0;0;2;4;4;2;2;0;0;0;0;4;0;8;0;0;0;2;0;0;2;2;2;2;0;4;6;0;2;2;8;0;0;8;8;2;2;0;2;0;0;2;0;2;0;0;8;2;2;0
thank;0;0;0;0;0;0;0;0;0;0;0;0;0;0;0;0;0;0;0;0;0;6;2;0;4;2;0;0;0;0;0;8;0;0;2;2;6;0;2;2;6;0;2;2;0;2;2;2;0;0;2;0;2;0;0;0;4;0;0;0;2;0;4;2;0;2;0;0;0;2;2;2;0;0;0;0;0;0;0;0;0;0;2;0;0;0;0;0;0;0;2;2;0;0;2;0;0;0;2;2
testing;0;0;0;0;0;0;0;0;0;0;0;0;0;0;0;0;0;0;0;0;0;0;4;6;0;0;2;4;0;8;0;4;0;6;4;4;2;0;0;2;0;0;0;0;0;0;0;2;0;4;2;0;2;0;0;4;2;0;0;2;4;0;0;2;0;4;4;0;0;0;0;2;0;0;0;4;0;2;0;2;0;8;0;0;0;0;0;0;0;0;2;6;0;0;2;4;0;0;0;0
2;0;0;0;0;0;0;0;0;0;0;0;0;0;0;0;0;0;0;0;0;0;0;0;0;4;2;4;0;2;0;0;0;0;4;18;2;0;2;0;4;0;2;0;0;0;0;0;0;0;2;0;0;0;0;0;2;0;0;0;0;6;0;0;0;0;2;0;0;2;6;2;10;0;0;2;0;0;4;4;2;0;0;0;0;0;0;0;0;2;0;0;4;0;6;0;2;0;2;0;0
please;0;0;0;0;0;0;0;0;0;0;0;0;0;0;0;0;0;0;0;0;0;0;0;0;4;2;2;2;0;8;10;0;2;10;0;0;0;2;0;0;2;2;0;0;0;0;0;4;0;0;2;0;2;0;0;0;2;0;0;0;0;0;4;2;0;0;6;6;0;0;0;0;2;0;0;0;0;0;0;0;0;8;0;0;0;2;0;0;0;0;0;2;0;0;4;0;0;4;0;0
province;0;0;0;0;0;0;0;0;0;0;0;0;0;0;0;0;0;0;0;0;0;0;0;0;0;4;8;4;6;0;0;4;2;2;4;0;0;0;0;2;6;0;4;0;0;0;0;0;0;0;0;0;0;2;0;0;0;0;0;2;2;2;2;0;0;0;0;0;0;4;4;4;0;0;0;0;0;2;4;4;0;0;0;0;0;0;2;4;0;0;0;0;0;6;0;0;0;0;2;2
ontarios;0;0;0;0;0;0;0;0;0;0;0;0;0;0;0;0;0;0;0;0;0;0;0;0;0;0;4;2;0;0;6;2;4;2;2;2;2;0;0;4;2;0;4;4;2;0;2;0;0;2;0;0;4;0;2;0;2;2;0;0;2;4;6;0;0;0;0;2;0;2;0;2;0;2;0;0;2;0;0;0;0;2;2;0;0;2;0;0;2;4;0;0;0;2;2;0;0;0;0;0
reopen;0;0;0;0;0;0;0;0;0;0;0;0;0;0;0;0;0;0;0;0;0;0;0;0;0;0;0;4;0;0;0;0;4;2;4;4;2;2;4;4;0;0;2;4;2;0;4;0;0;6;0;0;2;4;2;0;2;0;2;4;2;6;0;0;0;2;0;0;0;6;2;4;0;2;0;6;4;2;4;0;0;0;2;0;0;0;0;0;2;0;2;0;0;6;0;0;0;0;0;0
continue;0;0;0;0;0;0;0;0;0;0;0;0;0;0;0;0;0;0;0;0;0;0;0;0;0;0;0;0;6;0;2;2;0;0;0;0;2;0;2;4;2;6;0;0;2;0;0;2;0;0;0;0;4;2;0;0;0;0;4;0;2;0;0;0;0;4;2;0;0;0;0;0;4;0;0;6;2;2;0;2;0;2;2;0;0;0;0;2;2;0;2;0;2;0;2;0;0;2;0;0
families;0;0;0;0;0;0;0;0;0;0;0;0;0;0;0;0;0;0;0;0;0;0;0;0;0;0;0;0;0;0;0;2;0;0;0;2;0;4;0;0;4;0;0;2;0;2;0;0;0;0;0;0;0;4;0;2;2;0;4;4;4;0;0;0;0;0;0;0;4;0;0;0;0;0;4;0;4;0;0;2;0;0;0;0;0;2;2;6;0;0;0;2;0;0;0;0;0;0;0;0
centre;0;0;0;0;0;0;0;0;0;0;0;0;0;0;0;0;0;0;0;0;0;0;0;0;0;0;0;0;0;0;12;0;0;8;0;0;2;10;0;4;0;0;0;2;10;0;0;2;0;0;2;0;0;2;0;0;0;0;2;2;0;0;0;12;0;0;6;0;0;0;0;0;0;0;0;0;0;0;0;0;10;6;0;10;10;0;0;2;2;0;0;0;0;0;0;0;10;0;0;0
tested;0;0;0;0;0;0;0;0;0;0;0;0;0;0;0;0;0;0;0;0;0;0;0;0;0;0;0;0;0;0;0;0;2;2;0;0;0;10;0;8;0;0;2;4;12;0;0;2;0;0;0;0;2;0;0;0;2;0;0;0;0;0;4;12;0;0;2;6;0;0;0;0;0;2;0;0;0;0;0;0;10;2;0;10;10;2;0;0;0;0;0;2;0;0;2;0;10;2;0;0
million;0;0;0;0;0;0;0;0;0;0;0;0;0;0;0;0;0;0;0;0;0;0;0;0;0;0;0;0;0;0;0;0;2;0;0;0;0;0;0;0;4;0;2;0;0;0;2;2;0;0;0;0;0;0;0;0;2;0;2;0;4;0;2;2;0;0;0;0;0;0;2;0;0;2;0;0;2;0;0;0;0;0;4;0;0;0;0;0;0;0;2;0;0;0;2;0;0;0;0;0
local;0;0;0;0;0;0;0;0;0;0;0;0;0;0;0;0;0;0;0;0;0;0;0;0;0;0;0;0;0;0;0;0;0;0;0;0;0;0;2;2;0;0;4;2;2;0;6;0;0;0;0;0;0;2;0;0;0;0;0;0;0;4;2;0;0;0;0;0;0;0;0;0;0;8;2;0;0;0;0;0;0;0;4;0;0;0;0;0;0;4;0;0;0;0;0;0;0;0;0;0
tomorrow;0;0;0;0;0;0;0;0;0;0;0;0;0;0;0;0;0;0;0;0;0;0;0;0;0;0;0;0;0;0;0;0;0;0;4;0;0;0;2;0;0;0;0;0;0;2;0;4;2;0;2;0;0;0;0;0;0;4;0;0;0;0;0;2;0;0;4;0;0;0;0;2;0;0;0;0;0;0;2;0;0;6;0;0;0;0;0;0;2;2;0;0;2;2;0;0;0;2;0;0
stage;0;0;0;0;0;0;0;0;0;0;0;0;0;0;0;0;0;0;0;0;0;0;0;0;0;0;0;0;0;0;0;0;0;0;0;2;0;0;0;4;0;2;0;0;0;0;0;0;0;2;0;0;0;0;0;2;0;0;0;0;4;0;0;0;0;2;0;0;0;6;2;10;0;0;0;0;0;4;4;2;0;0;0;0;0;0;0;0;2;0;0;4;0;6;0;2;0;2;0;0
new;0;0;0;0;0;0;0;0;0;0;0;0;0;0;0;0;0;0;0;0;0;0;0;0;0;0;0;0;0;0;0;0;0;0;0;0;0;0;0;10;0;2;2;6;2;0;4;0;0;8;0;0;2;0;0;6;0;2;2;6;2;0;0;0;2;4;0;0;0;2;2;0;4;0;0;0;0;6;0;2;0;0;0;0;0;0;0;2;2;0;2;6;0;0;0;4;0;0;2;0
great;0;0;0;0;0;0;0;0;0;0;0;0;0;0;0;0;0;0;0;0;0;0;0;0;0;0;0;0;0;0;0;0;0;0;0;0;0;0;4;0;2;0;0;0;0;8;2;0;0;0;2;0;2;0;0;0;2;4;2;0;0;0;4;0;0;0;0;0;0;0;0;0;0;0;2;4;0;0;2;0;0;0;0;0;0;0;0;0;0;0;0;0;0;0;0;0;0;0;0;0
care;0;0;0;0;0;0;0;0;0;0;0;0;0;0;0;0;0;0;0;0;0;0;0;0;0;0;0;0;0;0;0;0;0;0;0;0;0;0;0;4;0;0;0;4;10;0;0;2;0;0;0;0;0;4;0;0;0;0;0;0;2;2;0;10;0;0;0;0;4;0;0;0;0;0;2;0;2;0;0;2;10;0;0;10;10;0;0;0;0;0;0;0;0;0;0;0;10;0;0;0
communities;0;0;0;0;0;0;0;0;0;0;0;0;0;0;0;0;0;0;0;0;0;0;0;0;0;0;0;0;0;0;0;0;0;0;0;0;0;0;0;2;2;2;4;2;0;4;2;2;2;0;4;0;0;0;2;4;0;4;0;0;0;2;0;0;0;0;0;0;0;0;2;0;0;2;2;0;0;2;0;0;0;0;2;0;0;2;4;0;0;0;0;0;0;0;0;0;0;0;0;0
health;0;0;0;0;0;0;0;0;0;0;0;0;0;0;0;0;0;0;0;0;0;0;0;0;0;0;0;0;0;0;0;0;0;0;0;0;0;0;0;0;0;2;4;8;6;0;4;2;0;4;0;0;2;0;0;2;0;0;0;0;2;0;0;4;0;0;0;0;0;4;4;2;2;2;0;0;0;10;2;0;4;0;2;4;4;0;0;0;2;0;2;2;0;2;0;2;4;0;0;0
ontarians;0;0;0;0;0;0;0;0;0;0;0;0;0;0;0;0;0;0;0;0;0;0;0;0;0;0;0;0;0;0;0;0;0;0;0;0;0;0;0;0;0;0;2;0;2;0;0;0;0;0;0;0;0;2;0;2;0;0;0;2;0;0;0;0;0;0;0;0;0;0;2;0;0;0;0;0;0;0;0;0;0;0;2;0;0;2;2;0;0;2;0;0;0;2;0;0;0;0;4;2
social;0;0;0;0;0;0;0;0;0;0;0;0;0;0;0;0;0;0;0;0;0;0;0;0;0;0;0;0;0;0;0;0;0;0;0;0;0;0;0;0;0;0;2;2;0;0;0;0;0;0;2;0;2;0;0;0;0;0;0;0;0;0;0;0;0;0;2;0;0;2;2;0;6;0;0;0;0;2;0;2;0;0;0;0;0;0;0;0;0;0;0;0;0;0;2;0;0;2;0;0
together;0;0;0;0;0;0;0;0;0;0;0;0;0;0;0;0;0;0;0;0;0;0;0;0;0;0;0;0;0;0;0;0;0;0;0;0;0;0;0;0;0;0;0;2;2;0;2;0;0;0;2;0;0;0;0;2;0;0;0;0;0;2;4;0;0;0;0;0;0;0;2;0;2;4;0;2;0;2;0;2;0;0;0;0;0;2;2;0;0;0;0;0;0;0;0;0;0;0;2;0
safety;0;0;0;0;0;0;0;0;0;0;0;0;0;0;0;0;0;0;0;0;0;0;0;0;0;0;0;0;0;0;0;0;0;0;0;0;0;0;0;0;0;0;0;0;4;0;4;0;0;6;2;0;2;2;2;0;0;0;0;2;0;0;0;2;0;0;0;0;2;2;2;0;0;2;0;0;2;0;0;0;2;0;0;2;2;0;0;0;0;0;0;0;0;0;0;0;2;0;0;0
contact;0;0;0;0;0;0;0;0;0;0;0;0;0;0;0;0;0;0;0;0;0;0;0;0;0;0;0;0;0;0;0;0;0;0;0;0;0;0;0;0;0;0;0;0;0;0;0;0;0;0;0;0;0;0;0;0;0;0;4;0;0;0;0;10;0;4;0;0;0;0;0;0;0;2;0;2;0;0;0;0;10;0;0;10;10;0;0;0;2;0;2;0;0;2;0;0;10;0;4;0
happy;0;0;0;0;0;0;0;0;0;0;0;0;0;0;0;0;0;0;0;0;0;0;0;0;0;0;0;0;0;0;0;0;0;0;0;0;0;0;0;0;0;0;0;0;0;0;2;2;0;0;4;0;0;0;0;0;2;8;0;0;0;0;0;0;0;0;0;0;0;0;0;0;0;0;2;0;2;0;0;0;0;0;0;0;0;0;0;0;0;0;0;0;2;0;0;0;0;0;0;2
business;0;0;0;0;0;0;0;0;0;0;0;0;0;0;0;0;0;0;0;0;0;0;0;0;0;0;0;0;0;0;0;0;0;0;0;0;0;0;0;0;0;0;0;0;0;0;0;0;0;2;0;0;4;0;0;0;0;0;0;0;0;4;2;0;0;0;0;0;0;2;0;0;0;4;0;0;0;0;0;0;0;0;2;0;0;0;0;2;2;0;0;0;0;0;0;2;0;0;0;0
everyone;0;0;0;0;0;0;0;0;0;0;0;0;0;0;0;0;0;0;0;0;0;0;0;0;0;0;0;0;0;0;0;0;0;0;0;0;0;0;0;0;0;0;0;0;0;0;0;0;0;0;0;0;0;0;0;0;2;2;0;0;2;0;0;4;2;0;2;0;0;0;0;0;0;0;0;0;0;2;0;0;0;0;2;0;0;0;0;0;0;0;0;0;4;0;0;0;0;0;0;2
youth;0;0;0;0;0;0;0;0;0;0;0;0;0;0;0;0;0;0;0;0;0;0;0;0;0;0;0;0;0;0;0;0;0;0;0;0;0;0;0;0;0;0;0;0;0;0;0;0;0;2;2;0;0;0;0;0;0;0;0;2;0;0;0;0;2;0;0;0;0;0;0;0;0;0;0;0;0;0;0;0;0;0;0;0;0;0;0;0;0;0;0;0;0;0;0;0;0;0;0;0
plan;0;0;0;0;0;0;0;0;0;0;0;0;0;0;0;0;0;0;0;0;0;0;0;0;0;0;0;0;0;0;0;0;0;0;0;0;0;0;0;0;0;0;0;0;0;0;0;0;0;0;0;0;0;2;2;4;0;0;0;4;2;0;0;0;2;0;0;0;0;0;2;0;0;0;0;2;4;2;0;2;0;0;0;0;0;0;0;0;0;0;0;4;0;0;0;4;0;0;0;0
community;0;0;0;0;0;0;0;0;0;0;0;0;0;0;0;0;0;0;0;0;0;0;0;0;0;0;0;0;0;0;0;0;0;0;0;0;0;0;0;0;0;0;0;0;0;0;0;0;0;0;0;0;0;0;0;0;0;4;2;0;0;0;0;0;4;2;2;0;0;0;2;0;0;0;2;0;0;0;0;0;0;2;0;0;0;0;0;0;0;0;0;0;0;0;0;0;0;0;0;2
minister;0;0;0;0;0;0;0;0;0;0;0;0;0;0;0;0;0;0;0;0;0;0;0;0;0;0;0;0;0;0;0;0;0;0;0;0;0;0;0;0;0;0;0;0;0;0;0;0;0;0;0;0;0;0;0;0;0;2;0;0;0;0;0;0;0;0;0;0;0;0;0;0;0;0;0;0;0;0;0;0;0;0;0;0;0;0;0;0;0;0;0;0;0;0;0;0;0;0;0;0
spoke;0;0;0;0;0;0;0;0;0;0;0;0;0;0;0;0;0;0;0;0;0;0;0;0;0;0;0;0;0;0;0;0;0;0;0;0;0;0;0;0;0;0;0;0;0;0;0;0;0;0;0;0;0;2;0;0;2;0;0;0;0;2;2;0;0;0;0;2;0;4;0;0;0;0;0;2;0;0;2;0;0;2;0;0;0;4;0;0;2;0;0;0;0;0;6;0;0;0;0;0
place;0;0;0;0;0;0;0;0;0;0;0;0;0;0;0;0;0;0;0;0;0;0;0;0;0;0;0;0;0;0;0;0;0;0;0;0;0;0;0;0;0;0;0;0;0;0;0;0;0;0;0;0;0;0;0;0;0;0;0;2;0;0;0;0;0;0;0;0;2;2;0;0;0;2;2;2;4;0;2;0;0;0;0;0;0;2;0;2;2;0;0;0;0;0;2;0;0;0;0;0
school;0;0;0;0;0;0;0;0;0;0;0;0;0;0;0;0;0;0;0;0;0;0;0;0;0;0;0;0;0;0;0;0;0;0;0;0;0;0;0;0;0;0;0;0;0;0;0;0;0;0;0;0;0;0;0;0;2;0;0;0;0;0;0;0;0;0;0;0;0;0;0;2;0;0;0;0;2;0;0;0;0;0;0;0;0;0;0;0;0;0;0;0;0;0;0;0;0;0;0;0
access;0;0;0;0;0;0;0;0;0;0;0;0;0;0;0;0;0;0;0;0;0;0;0;0;0;0;0;0;0;0;0;0;0;0;0;0;0;0;0;0;0;0;0;0;0;0;0;0;0;0;0;0;0;0;0;0;2;2;0;2;2;0;0;0;2;0;0;0;0;0;0;0;2;0;0;0;0;2;0;2;0;0;0;0;0;4;6;0;0;0;0;4;0;0;0;4;0;0;0;0
working;0;0;0;0;0;0;0;0;0;0;0;0;0;0;0;0;0;0;0;0;0;0;0;0;0;0;0;0;0;0;0;0;0;0;0;0;0;0;0;0;0;0;0;0;0;0;0;0;0;0;0;0;0;0;0;0;0;0;0;0;2;0;2;2;0;0;0;2;0;2;0;2;0;0;0;0;0;0;0;0;0;2;0;0;0;4;2;0;0;0;0;0;0;0;2;0;0;0;0;0
celebrate;0;0;0;0;0;0;0;0;0;0;0;0;0;0;0;0;0;0;0;0;0;0;0;0;0;0;0;0;0;0;0;0;0;0;0;0;0;0;0;0;0;0;0;0;0;0;0;0;0;0;0;0;0;0;0;0;0;0;0;0;0;0;0;0;2;0;0;0;0;0;0;0;2;0;2;0;0;0;0;0;0;0;0;0;0;0;0;0;0;2;0;0;2;0;0;0;0;0;0;2
announced;0;0;0;0;0;0;0;0;0;0;0;0;0;0;0;0;0;0;0;0;0;0;0;0;0;0;0;0;0;0;0;0;0;0;0;0;0;0;0;0;0;0;0;0;0;0;0;0;0;0;0;0;0;0;0;0;0;0;0;0;2;0;0;0;2;6;2;0;0;0;0;0;0;0;2;2;2;0;0;0;0;0;0;0;0;0;0;0;2;0;2;0;0;0;0;0;0;0;2;0
launched;0;0;0;0;0;0;0;0;0;0;0;0;0;0;0;0;0;0;0;0;0;0;0;0;0;0;0;0;0;0;0;0;0;0;0;0;0;0;0;0;0;0;0;0;0;0;0;0;0;0;0;0;0;0;0;0;0;0;0;0;0;2;0;0;2;0;0;0;0;0;0;0;0;0;0;0;0;0;2;2;0;0;0;0;0;0;0;4;2;0;0;4;0;2;0;2;0;0;0;0
1;0;0;0;0;0;0;0;0;0;0;0;0;0;0;0;0;0;0;0;0;0;0;0;0;0;0;0;0;0;0;0;0;0;0;0;0;0;0;0;0;0;0;0;0;0;0;0;0;0;0;0;0;0;0;0;0;0;0;0;0;0;0;0;2;0;0;0;0;2;2;0;2;0;0;2;0;2;2;0;0;0;0;0;0;0;0;0;0;0;0;0;2;0;2;0;2;0;0;0;0
economy;0;0;0;0;0;0;0;0;0;0;0;0;0;0;0;0;0;0;0;0;0;0;0;0;0;0;0;0;0;0;0;0;0;0;0;0;0;0;0;0;0;0;0;0;0;0;0;0;0;0;0;0;0;0;0;0;0;0;0;0;0;0;0;0;0;0;0;0;0;0;0;0;2;2;0;0;0;0;2;2;0;0;2;0;0;0;0;0;2;0;0;0;0;2;0;0;0;0;2;0
workers;0;0;0;0;0;0;0;0;0;0;0;0;0;0;0;0;0;0;0;0;0;0;0;0;0;0;0;0;0;0;0;0;0;0;0;0;0;0;0;0;0;0;0;0;0;0;0;0;0;0;0;0;0;0;0;0;0;0;0;0;0;0;0;0;0;0;0;4;0;0;0;0;0;0;0;2;0;0;0;0;0;2;0;0;0;2;0;0;0;0;0;0;0;0;2;0;0;2;2;0
assessment;0;0;0;0;0;0;0;0;0;0;0;0;0;0;0;0;0;0;0;0;0;0;0;0;0;0;0;0;0;0;0;0;0;0;0;0;0;0;0;0;0;0;0;0;0;0;0;0;0;0;0;0;0;0;0;0;0;0;0;0;0;0;0;0;0;0;2;0;0;0;0;0;0;0;0;0;0;0;0;0;10;0;0;10;10;0;0;0;0;0;0;0;0;0;0;0;10;0;0;0
committed;0;0;0;0;0;0;0;0;0;0;0;0;0;0;0;0;0;0;0;0;0;0;0;0;0;0;0;0;0;0;0;0;0;0;0;0;0;0;0;0;0;0;0;0;0;0;0;0;0;0;0;0;0;0;0;0;0;0;0;0;0;0;0;0;0;2;0;0;0;0;2;0;2;0;2;0;0;0;0;0;0;0;0;0;0;0;0;0;0;0;0;0;0;0;0;0;0;0;0;2
strategy;0;0;0;0;0;0;0;0;0;0;0;0;0;0;0;0;0;0;0;0;0;0;0;0;0;0;0;0;0;0;0;0;0;0;0;0;0;0;0;0;0;0;0;0;0;0;0;0;0;0;0;0;0;0;0;0;0;0;0;0;0;0;0;0;0;0;0;0;0;0;0;2;0;0;0;4;0;0;0;0;0;2;0;0;0;0;0;0;2;0;2;2;0;0;0;0;0;0;2;0
live;0;0;0;0;0;0;0;0;0;0;0;0;0;0;0;0;0;0;0;0;0;0;0;0;0;0;0;0;0;0;0;0;0;0;0;0;0;0;0;0;0;0;0;0;0;0;0;0;0;0;0;0;0;0;0;0;0;0;0;0;0;0;0;0;0;0;0;0;0;0;0;0;2;0;0;0;0;0;0;0;0;2;0;0;0;0;0;0;0;2;0;0;0;0;0;0;0;0;0;0
shoulder;0;0;0;0;0;0;0;0;0;0;0;0;0;0;0;0;0;0;0;0;0;0;0;0;0;0;0;0;0;0;0;0;0;0;0;0;0;0;0;0;0;0;0;0;0;0;0;0;0;0;0;0;0;0;0;0;0;0;0;0;0;0;0;0;0;0;0;0;0;0;0;0;0;0;0;0;0;0;0;0;0;2;0;0;0;2;0;0;0;0;0;2;0;0;2;0;0;2;0;0
homes;0;0;0;0;0;0;0;0;0;0;0;0;0;0;0;0;0;0;0;0;0;0;0;0;0;0;0;0;0;0;0;0;0;0;0;0;0;0;0;0;0;0;0;0;0;0;0;0;0;0;0;0;0;0;0;0;0;0;0;0;0;0;0;0;0;0;0;0;0;0;0;0;0;0;2;0;0;0;0;0;0;0;0;0;0;0;0;0;0;0;0;0;0;0;0;0;0;0;0;0
reopening;0;0;0;0;0;0;0;0;0;0;0;0;0;0;0;0;0;0;0;0;0;0;0;0;0;0;0;0;0;0;0;0;0;0;0;0;0;0;0;0;0;0;0;0;0;0;0;0;0;0;0;0;0;0;0;0;0;0;0;0;0;0;0;0;0;0;0;0;0;0;2;4;0;0;0;0;0;2;4;2;0;0;0;0;0;2;0;0;0;0;0;0;0;4;2;0;0;0;0;0
making;0;0;0;0;0;0;0;0;0;0;0;0;0;0;0;0;0;0;0;0;0;0;0;0;0;0;0;0;0;0;0;0;0;0;0;0;0;0;0;0;0;0;0;0;0;0;0;0;0;0;0;0;0;0;0;0;0;0;0;0;0;0;0;0;0;0;0;0;0;0;0;2;0;0;0;0;0;4;2;2;0;0;2;0;0;0;0;0;2;0;2;0;0;2;0;0;0;0;0;0
regions;0;0;0;0;0;0;0;0;0;0;0;0;0;0;0;0;0;0;0;0;0;0;0;0;0;0;0;0;0;0;0;0;0;0;0;0;0;0;0;0;0;0;0;0;0;0;0;0;0;0;0;0;0;0;0;0;0;0;0;0;0;0;0;0;0;0;0;0;0;0;0;0;0;0;0;0;0;2;4;0;0;0;0;0;0;0;0;0;2;0;0;2;0;6;0;0;0;2;0;0
family;0;0;0;0;0;0;0;0;0;0;0;0;0;0;0;0;0;0;0;0;0;0;0;0;0;0;0;0;0;0;0;0;0;0;0;0;0;0;0;0;0;0;0;0;0;0;0;0;0;0;0;0;0;0;0;0;0;0;0;0;0;0;0;0;0;0;0;0;0;0;0;0;0;0;0;0;0;4;0;0;0;0;0;0;0;0;0;0;0;0;0;0;0;0;0;0;0;2;2;0
shop;0;0;0;0;0;0;0;0;0;0;0;0;0;0;0;0;0;0;0;0;0;0;0;0;0;0;0;0;0;0;0;0;0;0;0;0;0;0;0;0;0;0;0;0;0;0;0;0;0;0;0;0;0;0;0;0;0;0;0;0;0;0;0;0;0;0;0;0;0;0;0;0;0;0;2;0;0;0;0;0;0;0;2;0;0;0;0;0;0;0;0;0;0;0;0;0;0;0;0;0
living;0;0;0;0;0;0;0;0;0;0;0;0;0;0;0;0;0;0;0;0;0;0;0;0;0;0;0;0;0;0;0;0;0;0;0;0;0;0;0;0;0;0;0;0;0;0;0;0;0;0;0;0;0;0;0;0;0;0;0;0;0;0;0;0;0;0;0;0;0;0;0;0;0;0;0;0;0;0;0;0;0;0;0;0;0;0;0;0;0;0;0;0;0;0;0;0;0;0;0;0
critical;0;0;0;0;0;0;0;0;0;0;0;0;0;0;0;0;0;0;0;0;0;0;0;0;0;0;0;0;0;0;0;0;0;0;0;0;0;0;0;0;0;0;0;0;0;0;0;0;0;0;0;0;0;0;0;0;0;0;0;0;0;0;0;0;0;0;0;0;0;0;0;0;0;0;0;0;2;0;2;0;0;2;0;0;0;0;0;0;2;0;2;0;0;0;0;0;0;0;2;0
children;0;0;0;0;0;0;0;0;0;0;0;0;0;0;0;0;0;0;0;0;0;0;0;0;0;0;0;0;0;0;0;0;0;0;0;0;0;0;0;0;0;0;0;0;0;0;0;0;0;0;0;0;0;0;0;0;0;0;0;0;0;0;0;0;0;0;0;0;0;0;0;0;0;0;0;0;0;0;0;0;0;0;0;0;0;0;0;0;0;0;0;0;0;0;0;0;0;0;0;0
public;0;0;0;0;0;0;0;0;0;0;0;0;0;0;0;0;0;0;0;0;0;0;0;0;0;0;0;0;0;0;0;0;0;0;0;0;0;0;0;0;0;0;0;0;0;0;0;0;0;0;0;0;0;0;0;0;0;0;0;0;0;0;0;0;0;0;0;0;0;0;0;0;0;0;0;0;0;0;2;0;0;0;2;0;0;0;0;0;2;0;2;2;0;2;0;2;0;0;0;0
possible;0;0;0;0;0;0;0;0;0;0;0;0;0;0;0;0;0;0;0;0;0;0;0;0;0;0;0;0;0;0;0;0;0;0;0;0;0;0;0;0;0;0;0;0;0;0;0;0;0;0;0;0;0;0;0;0;0;0;0;0;0;0;0;0;0;0;0;0;0;0;0;0;0;0;0;0;0;0;0;0;0;0;0;0;0;2;0;0;2;0;0;0;0;6;2;0;0;2;0;0
government;0;0;0;0;0;0;0;0;0;0;0;0;0;0;0;0;0;0;0;0;0;0;0;0;0;0;0;0;0;0;0;0;0;0;0;0;0;0;0;0;0;0;0;0;0;0;0;0;0;0;0;0;0;0;0;0;0;0;0;0;0;0;0;0;0;0;0;0;0;0;0;0;0;0;0;0;0;0;0;0;0;0;0;0;0;0;0;2;0;0;0;2;0;0;0;2;0;0;0;0
nearest;0;0;0;0;0;0;0;0;0;0;0;0;0;0;0;0;0;0;0;0;0;0;0;0;0;0;0;0;0;0;0;0;0;0;0;0;0;0;0;0;0;0;0;0;0;0;0;0;0;0;0;0;0;0;0;0;0;0;0;0;0;0;0;0;0;0;0;0;0;0;0;0;0;0;0;0;0;0;0;0;0;0;0;10;10;0;0;0;0;0;0;0;0;0;0;0;10;0;0;0
test;0;0;0;0;0;0;0;0;0;0;0;0;0;0;0;0;0;0;0;0;0;0;0;0;0;0;0;0;0;0;0;0;0;0;0;0;0;0;0;0;0;0;0;0;0;0;0;0;0;0;0;0;0;0;0;0;0;0;0;0;0;0;0;0;0;0;0;0;0;0;0;0;0;0;0;0;0;0;0;0;0;0;0;0;0;2;0;0;0;0;0;0;0;0;2;0;0;0;0;0
home;0;0;0;0;0;0;0;0;0;0;0;0;0;0;0;0;0;0;0;0;0;0;0;0;0;0;0;0;0;0;0;0;0;0;0;0;0;0;0;0;0;0;0;0;0;0;0;0;0;0;0;0;0;0;0;0;0;0;0;0;0;0;0;0;0;0;0;0;0;0;0;0;0;0;0;0;0;0;0;0;0;0;0;0;0;0;0;0;0;0;0;0;0;0;0;0;0;0;0;0
18667970000;0;0;0;0;0;0;0;0;0;0;0;0;0;0;0;0;0;0;0;0;0;0;0;0;0;0;0;0;0;0;0;0;0;0;0;0;0;0;0;0;0;0;0;0;0;0;0;0;0;0;0;0;0;0;0;0;0;0;0;0;0;0;0;0;0;0;0;0;0;0;0;0;0;0;0;0;0;0;0;0;0;0;0;0;10;0;0;0;0;0;0;0;0;0;0;0;10;0;0;0
consider;0;0;0;0;0;0;0;0;0;0;0;0;0;0;0;0;0;0;0;0;0;0;0;0;0;0;0;0;0;0;0;0;0;0;0;0;0;0;0;0;0;0;0;0;0;0;0;0;0;0;0;0;0;0;0;0;0;0;0;0;0;0;0;0;0;0;0;0;0;0;0;0;0;0;0;0;0;0;0;0;0;0;0;0;0;0;0;0;0;0;0;0;0;0;0;0;10;0;0;0
ensure;0;0;0;0;0;0;0;0;0;0;0;0;0;0;0;0;0;0;0;0;0;0;0;0;0;0;0;0;0;0;0;0;0;0;0;0;0;0;0;0;0;0;0;0;0;0;0;0;0;0;0;0;0;0;0;0;0;0;0;0;0;0;0;0;0;0;0;0;0;0;0;0;0;0;0;0;0;0;0;0;0;0;0;0;0;0;4;0;0;0;0;0;0;0;4;0;0;0;0;0
internet;0;0;0;0;0;0;0;0;0;0;0;0;0;0;0;0;0;0;0;0;0;0;0;0;0;0;0;0;0;0;0;0;0;0;0;0;0;0;0;0;0;0;0;0;0;0;0;0;0;0;0;0;0;0;0;0;0;0;0;0;0;0;0;0;0;0;0;0;0;0;0;0;0;0;0;0;0;0;0;0;0;0;0;0;0;0;0;0;0;0;0;0;0;0;0;0;0;0;0;0
relief;0;0;0;0;0;0;0;0;0;0;0;0;0;0;0;0;0;0;0;0;0;0;0;0;0;0;0;0;0;0;0;0;0;0;0;0;0;0;0;0;0;0;0;0;0;0;0;0;0;0;0;0;0;0;0;0;0;0;0;0;0;0;0;0;0;0;0;0;0;0;0;0;0;0;0;0;0;0;0;0;0;0;0;0;0;0;0;0;2;0;0;2;0;0;0;2;0;0;0;0
yesterday;0;0;0;0;0;0;0;0;0;0;0;0;0;0;0;0;0;0;0;0;0;0;0;0;0;0;0;0;0;0;0;0;0;0;0;0;0;0;0;0;0;0;0;0;0;0;0;0;0;0;0;0;0;0;0;0;0;0;0;0;0;0;0;0;0;0;0;0;0;0;0;0;0;0;0;0;0;0;0;0;0;0;0;0;0;0;0;0;0;0;4;0;0;2;0;0;0;2;0;0
tune;0;0;0;0;0;0;0;0;0;0;0;0;0;0;0;0;0;0;0;0;0;0;0;0;0;0;0;0;0;0;0;0;0;0;0;0;0;0;0;0;0;0;0;0;0;0;0;0;0;0;0;0;0;0;0;0;0;0;0;0;0;0;0;0;0;0;0;0;0;0;0;0;0;0;0;0;0;0;0;0;0;0;0;0;0;0;0;0;0;0;0;0;0;0;0;0;0;0;0;0
cases;0;0;0;0;0;0;0;0;0;0;0;0;0;0;0;0;0;0;0;0;0;0;0;0;0;0;0;0;0;0;0;0;0;0;0;0;0;0;0;0;0;0;0;0;0;0;0;0;0;0;0;0;0;0;0;0;0;0;0;0;0;0;0;0;0;0;0;0;0;0;0;0;0;0;0;0;0;0;0;0;0;0;0;0;0;0;0;0;0;0;0;0;0;0;2;0;0;0;0;0
farms;0;0;0;0;0;0;0;0;0;0;0;0;0;0;0;0;0;0;0;0;0;0;0;0;0;0;0;0;0;0;0;0;0;0;0;0;0;0;0;0;0;0;0;0;0;0;0;0;0;0;0;0;0;0;0;0;0;0;0;0;0;0;0;0;0;0;0;0;0;0;0;0;0;0;0;0;0;0;0;0;0;0;0;0;0;0;0;0;0;0;0;0;0;0;0;4;0;0;0;0
canada;0;0;0;0;0;0;0;0;0;0;0;0;0;0;0;0;0;0;0;0;0;0;0;0;0;0;0;0;0;0;0;0;0;0;0;0;0;0;0;0;0;0;0;0;0;0;0;0;0;0;0;0;0;0;0;0;0;0;0;0;0;0;0;0;0;0;0;0;0;0;0;0;0;0;0;0;0;0;0;0;0;0;0;0;0;0;0;0;0;0;0;0;0;0;0;0;0;0;0;0
soon;0;0;0;0;0;0;0;0;0;0;0;0;0;0;0;0;0;0;0;0;0;0;0;0;0;0;0;0;0;0;0;0;0;0;0;0;0;0;0;0;0;0;0;0;0;0;0;0;0;0;0;0;0;0;0;0;0;0;0;0;0;0;0;0;0;0;0;0;0;0;0;0;0;0;0;0;0;0;0;0;0;0;0;0;0;0;0;0;0;0;0;0;0;0;0;0;0;2;2;0
week;0;0;0;0;0;0;0;0;0;0;0;0;0;0;0;0;0;0;0;0;0;0;0;0;0;0;0;0;0;0;0;0;0;0;0;0;0;0;0;0;0;0;0;0;0;0;0;0;0;0;0;0;0;0;0;0;0;0;0;0;0;0;0;0;0;0;0;0;0;0;0;0;0;0;0;0;0;0;0;0;0;0;0;0;0;0;0;0;0;0;0;0;0;0;0;0;0;2;0;0
3;0;0;0;0;0;0;0;0;0;0;0;0;0;0;0;0;0;0;0;0;0;0;0;0;0;0;0;0;0;0;0;0;0;0;0;0;0;0;0;0;0;0;0;0;0;0;0;0;0;0;0;0;0;0;0;0;0;0;0;0;0;0;0;0;0;0;0;0;0;0;0;0;0;0;0;0;0;0;0;0;0;0;0;0;0;0;0;0;0;0;0;0;0;0;0;0;0;0;0;0
primary;0;0;0;0;0;0;0;0;0;0;0;0;0;0;0;0;0;0;0;0;0;0;0;0;0;0;0;0;0;0;0;0;0;0;0;0;0;0;0;0;0;0;0;0;0;0;0;0;0;0;0;0;0;0;0;0;0;0;0;0;0;0;0;0;0;0;0;0;0;0;0;0;0;0;0;0;0;0;0;0;0;0;0;0;0;0;0;0;0;0;0;0;0;0;0;0;0;0;0;0
able;0;0;0;0;0;0;0;0;0;0;0;0;0;0;0;0;0;0;0;0;0;0;0;0;0;0;0;0;0;0;0;0;0;0;0;0;0;0;0;0;0;0;0;0;0;0;0;0;0;0;0;0;0;0;0;0;0;0;0;0;0;0;0;0;0;0;0;0;0;0;0;0;0;0;0;0;0;0;0;0;0;0;0;0;0;0;0;0;0;0;0;0;0;0;0;0;0;0;0;0
theyve;0;0;0;0;0;0;0;0;0;0;0;0;0;0;0;0;0;0;0;0;0;0;0;0;0;0;0;0;0;0;0;0;0;0;0;0;0;0;0;0;0;0;0;0;0;0;0;0;0;0;0;0;0;0;0;0;0;0;0;0;0;0;0;0;0;0;0;0;0;0;0;0;0;0;0;0;0;0;0;0;0;0;0;0;0;0;0;0;0;0;0;0;0;0;0;0;0;0;0;2
month;0;0;0;0;0;0;0;0;0;0;0;0;0;0;0;0;0;0;0;0;0;0;0;0;0;0;0;0;0;0;0;0;0;0;0;0;0;0;0;0;0;0;0;0;0;0;0;0;0;0;0;0;0;0;0;0;0;0;0;0;0;0;0;0;0;0;0;0;0;0;0;0;0;0;0;0;0;0;0;0;0;0;0;0;0;0;0;0;0;0;0;0;0;0;0;0;0;0;0;0
