;email;please;councillor_matlow@torontoca;feel;welcome;support;thank;care;city;hi;staff;community;id;happy;ive;covid19;pleasant;homes;mount;public;love;health;office;safe;update;@johntory;ones;people;kind;together;loved;toronto;longterm;cemetery;emergency;work;local;normal;residents;thanks;distancing;businesses;reach;yes;details;conversation;lets;@sulu1980;buried;understand;transportation;conversations;thoughtful;number;new;follow;good;morning;person;citys;physical;agree;life;call;group;st;certainly;hear;helpful;proud;working;clair;along;may;could;believe;ontarios;home;part;communitys;pleasure;responsibility;social;crisis;able;experts;enjoyed;tweet;tenants;cemeteries;family;wonderful;kindness;everyone;write;torontost;park;discuss;@davidjkruger;government
email;0;162;168;136;138;6;8;4;14;40;16;0;32;26;4;0;26;0;26;6;4;10;32;2;22;20;20;0;2;0;22;4;0;20;10;4;8;0;0;8;0;0;20;10;16;4;0;4;22;6;10;4;0;20;0;16;0;12;2;6;0;8;2;12;8;0;6;4;4;0;4;0;0;4;2;0;0;0;0;2;0;0;0;0;4;0;0;12;2;8;2;2;0;0;0;0;2;10;2;4
please;0;0;150;128;128;8;6;6;12;40;16;2;26;22;8;4;24;2;24;8;6;8;32;2;22;20;20;0;2;0;22;2;2;20;8;2;8;2;0;4;0;0;18;10;16;4;0;4;22;6;10;4;0;14;0;14;0;12;0;4;0;8;4;6;6;0;4;2;2;0;4;0;0;4;0;0;2;0;0;2;0;0;0;2;4;0;0;12;4;6;2;2;0;2;0;0;2;10;2;2
councillor_matlow@torontoca;0;0;0;132;134;6;6;4;10;38;10;0;28;26;4;0;26;0;26;4;2;8;30;2;20;18;20;0;4;0;22;2;0;20;8;4;8;0;0;8;0;0;20;10;16;0;0;4;22;6;6;4;0;18;0;12;0;10;2;6;0;8;2;10;8;0;4;2;2;0;4;0;0;4;2;0;0;0;0;2;0;0;0;0;2;0;0;12;2;8;2;2;0;0;0;0;2;10;2;4
feel;0;0;0;0;138;4;2;4;10;38;10;2;22;22;6;2;24;0;24;6;2;12;32;2;20;18;20;2;0;0;22;2;0;20;10;6;10;2;0;4;2;2;18;2;8;2;0;0;22;8;6;4;0;12;0;12;0;4;2;6;0;8;4;6;6;0;4;4;2;0;4;0;0;6;0;0;0;0;0;4;0;0;2;2;6;0;4;6;2;6;2;2;0;0;0;0;4;10;0;4
welcome;0;0;0;0;0;6;2;4;10;38;10;6;22;22;6;2;24;0;24;6;2;10;32;2;20;18;20;2;0;0;22;2;0;20;12;4;10;2;2;4;0;0;18;2;8;2;0;0;22;6;6;4;2;14;0;12;0;6;0;6;0;8;2;8;6;0;4;4;0;4;4;0;0;4;0;0;0;0;0;2;0;0;0;2;2;0;0;6;2;6;2;2;0;2;0;0;2;10;0;4
support;0;0;0;0;0;0;6;14;8;6;6;8;4;2;0;6;2;10;2;2;10;8;0;2;0;2;2;2;0;6;2;4;12;0;2;6;10;0;14;2;0;12;4;0;0;0;4;0;0;2;0;0;2;2;2;0;4;0;0;0;2;0;8;0;2;6;2;0;4;2;0;6;2;0;2;0;0;2;4;8;4;0;0;2;0;2;0;0;0;2;4;0;2;2;0;10;2;0;0;2
thank;0;0;0;0;0;0;0;4;4;2;2;10;4;4;4;2;0;4;0;0;6;4;0;0;0;2;0;0;12;0;0;4;4;0;0;6;4;2;2;0;0;0;2;0;0;2;2;2;0;0;0;0;4;2;0;2;2;0;0;0;0;0;2;2;0;0;2;2;4;0;2;0;0;0;0;4;2;0;4;2;0;0;0;0;0;0;0;0;0;0;2;2;0;0;6;2;0;2;2;2
care;0;0;0;0;0;0;0;0;10;6;10;0;0;0;0;6;2;32;0;4;2;4;0;2;0;0;4;4;0;0;4;2;28;2;0;4;0;0;16;0;2;4;0;2;0;2;0;0;0;0;0;2;0;2;0;0;2;0;2;0;0;0;6;4;0;0;2;0;4;0;2;0;6;4;0;2;14;4;0;2;2;0;0;0;0;2;2;0;2;0;2;2;2;2;0;10;2;2;0;0
city;0;0;0;0;0;0;0;0;0;8;18;8;2;0;4;0;0;12;0;2;2;0;4;2;4;2;0;0;0;2;0;8;8;0;2;4;2;0;8;2;0;0;0;4;2;2;0;0;0;0;4;0;2;0;0;6;0;2;0;2;0;0;0;2;0;0;0;0;2;0;4;0;4;0;0;0;0;2;0;0;0;0;0;0;0;0;4;0;2;0;0;0;0;2;0;10;0;2;0;2
hi;0;0;0;0;0;0;0;0;0;0;2;0;6;6;0;0;20;6;20;0;0;0;24;0;20;4;20;0;0;0;20;0;6;16;4;0;0;0;6;0;2;0;4;0;0;0;0;0;20;2;2;0;0;4;0;6;0;0;0;0;0;2;0;4;4;0;0;0;0;0;2;0;0;4;0;0;0;0;0;0;0;0;2;0;0;0;0;0;0;4;0;0;0;0;0;6;0;2;0;0
staff;0;0;0;0;0;0;0;0;0;0;0;10;2;2;4;6;0;8;0;2;2;2;6;2;4;4;0;0;0;0;0;0;8;0;2;8;4;0;8;4;2;0;0;0;2;2;2;0;0;0;18;4;0;2;2;8;2;2;0;10;2;0;0;4;0;0;0;0;6;0;4;0;8;2;0;0;2;6;0;0;0;0;2;0;0;2;2;0;0;0;0;0;0;2;0;0;2;0;0;0
community;0;0;0;0;0;0;0;0;0;0;0;0;0;2;4;8;0;0;0;2;6;4;0;0;8;0;0;2;0;6;0;0;0;0;4;6;10;4;2;2;2;8;2;0;2;4;6;4;0;0;6;0;4;0;2;0;0;2;2;4;0;0;0;2;0;6;0;0;0;4;4;6;2;2;0;2;0;2;2;0;2;0;2;2;0;0;2;0;0;0;0;0;2;6;0;0;0;0;0;0
id;0;0;0;0;0;0;0;0;0;0;0;0;0;26;2;0;2;0;2;0;4;0;0;0;0;2;0;0;0;0;0;0;0;0;0;0;4;0;0;2;2;0;18;0;0;4;0;2;0;2;0;0;0;14;0;0;0;0;2;0;0;0;0;8;4;0;0;0;2;2;0;0;0;0;0;0;0;0;0;0;0;0;2;0;0;0;0;0;0;2;2;0;0;0;0;0;2;6;0;2
happy;0;0;0;0;0;0;0;0;0;0;0;0;0;0;4;0;2;0;2;2;2;2;2;0;0;4;0;0;0;4;0;0;0;0;4;0;6;0;0;2;2;0;16;0;0;2;0;0;0;2;2;0;2;12;0;2;2;0;0;2;0;0;0;8;2;0;0;2;0;0;0;0;2;0;0;0;0;0;0;0;0;0;2;0;0;0;2;0;0;2;2;0;0;0;0;0;2;6;0;2
ive;0;0;0;0;0;0;0;0;0;0;0;0;0;0;0;4;6;0;6;4;4;2;0;2;0;2;0;0;2;4;0;0;0;2;4;0;2;2;0;2;0;0;2;0;4;2;0;0;0;2;2;8;4;0;0;0;0;0;0;0;2;0;0;0;6;0;0;0;0;0;2;0;2;2;0;4;0;0;0;0;0;0;0;2;0;0;2;0;4;6;0;2;2;0;0;0;0;0;0;2
covid19;0;0;0;0;0;0;0;0;0;0;0;0;0;0;0;0;0;6;0;4;2;2;0;2;4;0;2;2;0;6;0;4;6;0;0;4;0;8;4;0;2;4;2;0;0;2;2;0;0;0;0;0;2;0;4;0;0;0;0;2;2;0;0;0;0;2;0;0;2;0;2;2;0;4;2;0;2;4;2;2;6;8;0;10;0;2;0;0;2;0;0;0;0;6;0;0;0;2;0;2
pleasant;0;0;0;0;0;0;0;0;0;0;0;0;0;0;0;0;0;2;34;2;0;2;20;4;20;2;22;0;0;0;24;0;0;24;0;0;0;0;0;2;0;2;2;0;2;0;0;0;22;0;0;6;0;2;0;0;0;0;0;0;2;0;0;2;14;0;0;0;0;0;0;0;4;6;0;0;2;0;0;2;0;0;0;0;0;0;0;0;0;14;0;0;0;0;0;0;0;0;0;0
homes;0;0;0;0;0;0;0;0;0;0;0;0;0;0;0;0;0;0;0;2;0;0;0;2;0;0;2;2;0;0;2;6;24;2;0;2;0;0;14;0;0;2;0;4;0;0;0;0;0;0;0;2;0;0;0;0;2;0;0;0;0;0;2;2;0;0;0;0;2;0;2;0;6;0;0;2;14;2;0;0;2;0;0;0;0;0;0;0;2;0;2;0;0;0;0;10;2;2;0;2
mount;0;0;0;0;0;0;0;0;0;0;0;0;0;0;0;0;0;0;0;2;0;2;20;2;20;2;22;0;0;0;24;0;0;22;0;0;0;0;0;2;0;0;2;0;2;0;0;0;22;0;0;6;0;2;0;0;0;0;0;0;2;0;0;2;14;0;0;0;0;0;0;0;2;6;0;0;0;0;0;2;0;0;0;0;0;0;0;0;0;14;0;0;0;0;0;0;0;0;0;0
public;0;0;0;0;0;0;0;0;0;0;0;0;0;0;0;0;0;0;0;0;0;20;2;4;0;2;2;6;0;2;0;6;0;2;6;0;0;0;0;2;8;4;0;0;0;2;0;2;0;2;2;2;2;0;0;0;0;0;0;4;4;0;2;0;2;0;2;2;0;0;0;0;0;4;2;0;0;0;2;2;0;4;2;4;0;10;4;0;0;2;0;4;0;2;0;2;4;0;0;2
love;0;0;0;0;0;0;0;0;0;0;0;0;0;0;0;0;0;0;0;0;0;4;0;2;0;0;0;4;2;4;0;2;0;0;2;0;4;2;0;0;0;4;2;0;0;2;0;0;0;2;0;0;0;2;2;0;4;2;0;0;2;0;6;0;0;2;0;0;2;2;0;2;0;0;4;0;0;0;0;0;0;2;0;0;2;0;2;0;0;0;2;0;0;6;2;0;2;0;0;0
health;0;0;0;0;0;0;0;0;0;0;0;0;0;0;0;0;0;0;0;0;0;0;2;6;0;6;2;4;2;2;2;4;0;0;8;0;2;0;2;2;8;2;0;0;0;0;2;0;0;2;2;0;2;0;0;0;4;0;2;4;8;0;6;0;2;0;4;4;2;0;0;0;2;4;2;0;0;0;4;2;0;4;2;2;0;8;2;0;2;2;2;2;0;2;2;0;2;0;0;0
office;0;0;0;0;0;0;0;0;0;0;0;0;0;0;0;0;0;0;0;0;0;0;0;0;20;0;20;0;0;0;20;0;0;16;8;0;4;0;0;2;0;0;0;0;0;0;0;0;20;0;2;0;0;0;0;10;0;0;0;2;0;0;0;0;4;0;0;2;0;0;0;0;0;4;0;0;0;0;0;0;0;0;0;0;0;0;0;0;0;4;0;0;0;0;0;0;0;0;0;0
safe;0;0;0;0;0;0;0;0;0;0;0;0;0;0;0;0;0;0;0;0;0;0;0;0;0;2;0;0;4;0;0;8;0;2;2;0;0;2;8;0;0;4;0;0;2;2;4;0;0;0;2;2;0;0;4;0;2;0;2;6;6;0;2;0;2;0;2;0;2;0;0;0;2;0;4;0;2;2;0;0;0;0;0;2;0;2;2;0;0;2;2;2;0;0;0;0;0;0;0;0
update;0;0;0;0;0;0;0;0;0;0;0;0;0;0;0;0;0;0;0;0;0;0;0;0;0;2;20;0;0;0;20;0;0;16;0;0;0;0;0;0;0;2;0;0;0;2;0;0;20;0;2;0;0;2;0;0;0;2;0;0;0;2;0;2;4;0;0;0;0;0;2;0;0;6;0;0;0;0;0;0;0;0;0;0;0;0;0;0;0;4;0;0;0;0;0;0;0;0;0;0
@johntory;0;0;0;0;0;0;0;0;0;0;0;0;0;0;0;0;0;0;0;0;0;0;0;0;0;0;2;0;0;2;2;0;0;0;4;0;0;0;2;0;0;0;2;0;0;2;0;0;0;2;4;2;2;4;0;0;0;2;0;4;4;2;0;4;2;0;0;0;0;0;0;0;2;0;0;0;0;0;0;2;0;0;0;0;0;0;2;0;0;2;0;0;0;0;0;0;0;2;0;0
ones;0;0;0;0;0;0;0;0;0;0;0;0;0;0;0;0;0;0;0;0;0;0;0;0;0;0;0;2;0;0;26;0;2;16;0;0;0;0;2;0;0;0;0;2;0;0;0;0;20;0;0;2;0;0;0;0;0;0;0;2;2;2;0;0;6;0;0;0;0;0;0;0;2;4;0;0;0;2;0;2;0;0;0;2;0;0;0;0;0;6;2;0;2;0;0;0;0;0;0;2
people;0;0;0;0;0;0;0;0;0;0;0;0;0;0;0;0;0;0;0;0;0;0;0;0;0;0;0;0;0;0;2;0;2;0;2;2;0;4;2;0;4;0;0;0;0;2;0;0;0;4;0;2;2;0;2;0;2;0;0;0;2;0;0;0;0;0;0;0;0;2;0;0;0;2;2;4;0;0;2;0;2;4;0;4;2;8;2;0;0;0;0;0;4;0;0;0;4;0;0;0
kind;0;0;0;0;0;0;0;0;0;0;0;0;0;0;0;0;0;0;0;0;0;0;0;0;0;0;0;0;0;0;0;0;0;0;0;0;0;0;0;4;0;0;0;0;0;2;0;4;0;2;0;0;4;0;0;0;2;0;6;0;2;0;0;0;0;0;0;0;2;2;0;0;0;0;0;4;0;0;2;0;0;0;0;0;0;0;0;0;0;0;2;2;0;0;8;0;0;0;0;0
together;0;0;0;0;0;0;0;0;0;0;0;0;0;0;0;0;0;0;0;0;0;0;0;0;0;0;0;0;0;0;0;0;0;0;2;4;4;4;0;0;0;4;0;0;0;4;6;2;0;2;0;0;4;0;4;0;0;2;0;0;0;0;0;0;0;4;0;2;0;4;2;4;2;0;0;2;0;2;2;2;4;4;0;2;2;0;4;0;0;0;0;0;6;6;0;2;0;0;0;0
loved;0;0;0;0;0;0;0;0;0;0;0;0;0;0;0;0;0;0;0;0;0;0;0;0;0;0;0;0;0;0;0;0;2;18;0;0;0;0;2;0;0;0;0;2;0;0;0;0;22;0;0;2;0;0;0;0;0;0;0;0;2;0;0;0;6;0;0;0;0;0;0;0;2;4;0;0;0;2;0;2;0;0;0;0;0;0;0;0;0;6;2;0;2;0;0;0;0;0;0;0
toronto;0;0;0;0;0;0;0;0;0;0;0;0;0;0;0;0;0;0;0;0;0;0;0;0;0;0;0;0;0;0;0;0;0;0;2;0;0;2;2;2;0;4;0;2;0;0;0;0;0;0;0;0;2;0;0;2;0;0;0;0;0;0;4;0;0;0;2;0;0;0;0;0;0;0;2;0;0;0;0;0;0;0;0;0;0;0;0;0;6;0;0;0;0;0;0;2;2;0;0;2
longterm;0;0;0;0;0;0;0;0;0;0;0;0;0;0;0;0;0;0;0;0;0;0;0;0;0;0;0;0;0;0;0;0;0;0;0;4;0;0;16;0;0;0;0;2;0;0;0;0;0;0;0;2;0;0;0;0;2;0;0;0;0;0;2;0;0;0;0;0;2;0;2;0;2;2;0;2;10;4;0;0;2;0;0;0;0;2;0;0;0;0;2;0;0;0;0;8;2;2;0;0
cemetery;0;0;0;0;0;0;0;0;0;0;0;0;0;0;0;0;0;0;0;0;0;0;0;0;0;0;0;0;0;0;0;0;0;0;0;0;0;0;0;0;0;2;0;0;0;0;0;0;18;0;0;2;0;0;0;0;0;0;0;0;0;2;0;0;2;0;0;0;0;0;0;0;2;2;0;0;2;0;0;2;0;0;0;0;0;0;0;0;0;2;0;0;0;0;0;0;0;0;0;0
emergency;0;0;0;0;0;0;0;0;0;0;0;0;0;0;0;0;0;0;0;0;0;0;0;0;0;0;0;0;0;0;0;0;0;0;0;0;4;2;2;4;0;2;0;0;2;2;0;0;0;2;2;2;4;0;0;6;0;2;2;6;2;0;2;0;0;0;0;2;0;2;0;0;0;0;0;2;0;0;0;0;0;0;0;0;0;0;2;0;0;0;0;0;2;2;0;0;2;0;0;2
work;0;0;0;0;0;0;0;0;0;0;0;0;0;0;0;0;0;0;0;0;0;0;0;0;0;0;0;0;0;0;0;0;0;0;0;0;4;0;4;2;0;6;0;0;2;2;0;0;0;0;0;0;0;0;0;0;0;0;0;0;0;0;2;2;0;2;0;0;2;0;0;2;0;0;0;0;0;2;0;6;4;0;2;0;2;2;4;0;0;0;0;0;0;2;0;2;0;0;0;0
local;0;0;0;0;0;0;0;0;0;0;0;0;0;0;0;0;0;0;0;0;0;0;0;0;0;0;0;0;0;0;0;0;0;0;0;0;0;0;0;2;0;10;0;0;0;0;4;0;0;0;2;0;0;0;2;4;0;2;0;2;0;0;2;0;0;4;0;0;2;2;0;4;0;0;0;0;0;0;2;4;2;0;2;0;2;0;2;0;0;0;0;0;0;2;0;2;2;0;0;4
normal;0;0;0;0;0;0;0;0;0;0;0;0;0;0;0;0;0;0;0;0;0;0;0;0;0;0;0;0;0;0;0;0;0;0;0;0;0;0;0;2;0;0;2;0;0;2;4;0;0;0;0;0;4;0;8;0;0;0;2;2;0;0;0;0;0;0;0;0;0;2;0;0;0;0;0;4;0;0;2;0;0;6;0;6;0;0;0;0;0;0;0;0;2;2;0;0;0;0;0;0
residents;0;0;0;0;0;0;0;0;0;0;0;0;0;0;0;0;0;0;0;0;0;0;0;0;0;0;0;0;0;0;0;0;0;0;0;0;0;0;0;0;0;0;0;2;0;0;0;0;0;0;2;2;2;0;2;0;2;0;0;4;4;0;0;0;0;0;0;0;4;2;0;0;2;0;0;0;2;2;0;0;0;0;0;0;0;2;2;0;0;0;2;0;0;0;0;8;2;0;0;0
thanks;0;0;0;0;0;0;0;0;0;0;0;0;0;0;0;0;0;0;0;0;0;0;0;0;0;0;0;0;0;0;0;0;0;0;0;0;0;0;0;0;0;2;2;0;0;2;0;2;0;0;2;0;4;2;0;2;0;0;4;0;0;0;2;2;2;0;0;0;0;2;0;0;0;0;0;2;0;0;0;0;0;0;0;0;0;0;0;0;0;2;0;0;2;0;0;0;2;0;0;0
distancing;0;0;0;0;0;0;0;0;0;0;0;0;0;0;0;0;0;0;0;0;0;0;0;0;0;0;0;0;0;0;0;0;0;0;0;0;0;0;0;0;0;0;0;0;0;0;0;0;0;2;2;0;0;0;0;0;0;0;2;2;8;0;0;0;0;0;0;0;2;0;0;0;0;4;2;0;0;0;0;0;0;6;8;2;0;6;0;0;0;0;0;0;0;2;0;0;2;0;0;0
businesses;0;0;0;0;0;0;0;0;0;0;0;0;0;0;0;0;0;0;0;0;0;0;0;0;0;0;0;0;0;0;0;0;0;0;0;0;0;0;0;0;0;0;0;0;0;2;2;0;0;0;0;0;0;0;2;0;0;0;0;0;0;0;6;0;0;8;0;0;0;0;0;8;2;2;2;0;2;0;0;8;2;0;2;0;2;0;4;0;0;0;0;2;0;0;0;2;2;0;0;0
reach;0;0;0;0;0;0;0;0;0;0;0;0;0;0;0;0;0;0;0;0;0;0;0;0;0;0;0;0;0;0;0;0;0;0;0;0;0;0;0;0;0;0;0;0;0;0;0;0;0;4;0;0;0;16;0;0;0;0;0;0;0;0;0;8;2;0;0;2;0;0;0;0;0;0;2;0;0;0;0;0;0;0;0;2;0;0;0;0;0;2;2;0;0;0;0;0;0;8;0;0
yes;0;0;0;0;0;0;0;0;0;0;0;0;0;0;0;0;0;0;0;0;0;0;0;0;0;0;0;0;0;0;0;0;0;0;0;0;0;0;0;0;0;0;0;0;8;0;0;0;0;0;0;2;0;0;0;0;0;6;0;0;0;0;0;0;2;0;0;0;0;0;0;0;0;0;0;2;0;2;0;0;0;0;0;0;0;0;0;6;0;0;2;2;0;0;0;0;0;0;0;0
details;0;0;0;0;0;0;0;0;0;0;0;0;0;0;0;0;0;0;0;0;0;0;0;0;0;0;0;0;0;0;0;0;0;0;0;0;0;0;0;0;0;0;0;0;0;0;0;0;0;2;0;4;0;0;0;0;0;10;0;0;0;0;0;2;2;0;0;0;0;0;0;0;0;0;0;0;0;2;0;0;0;0;0;0;0;0;2;10;0;2;0;0;0;2;0;0;0;0;0;0
conversation;0;0;0;0;0;0;0;0;0;0;0;0;0;0;0;0;0;0;0;0;0;0;0;0;0;0;0;0;0;0;0;0;0;0;0;0;0;0;0;0;0;0;0;0;0;0;0;0;0;0;2;0;6;2;0;0;2;4;2;0;0;0;0;2;0;0;0;0;0;0;2;0;0;0;2;4;0;2;0;2;2;0;0;0;0;0;4;0;0;0;0;4;2;0;0;0;0;0;0;0
lets;0;0;0;0;0;0;0;0;0;0;0;0;0;0;0;0;0;0;0;0;0;0;0;0;0;0;0;0;0;0;0;0;0;0;0;0;0;0;0;0;0;0;0;0;0;0;0;0;0;2;2;0;0;0;2;0;0;0;0;4;0;0;0;0;0;0;0;2;0;4;0;0;2;0;2;0;0;0;4;0;0;0;0;2;2;0;0;0;0;0;0;0;2;0;0;0;0;0;0;0
@sulu1980;0;0;0;0;0;0;0;0;0;0;0;0;0;0;0;0;0;0;0;0;0;0;0;0;0;0;0;0;0;0;0;0;0;0;0;0;0;0;0;0;0;0;0;0;0;0;0;0;0;2;0;0;2;0;0;0;0;0;6;0;0;0;0;0;0;2;0;0;2;2;0;2;0;0;2;2;0;0;0;0;0;0;0;0;0;0;0;0;0;0;0;0;0;2;0;0;0;0;4;0
buried;0;0;0;0;0;0;0;0;0;0;0;0;0;0;0;0;0;0;0;0;0;0;0;0;0;0;0;0;0;0;0;0;0;0;0;0;0;0;0;0;0;0;0;0;0;0;0;0;0;0;0;0;0;0;0;0;0;0;0;0;0;0;0;0;4;0;0;0;0;0;0;0;0;4;0;0;0;0;0;0;0;0;0;0;0;0;0;0;0;4;0;0;0;0;0;0;0;0;0;0
understand;0;0;0;0;0;0;0;0;0;0;0;0;0;0;0;0;0;0;0;0;0;0;0;0;0;0;0;0;0;0;0;0;0;0;0;0;0;0;0;0;0;0;0;0;0;0;0;0;0;0;0;2;2;2;0;0;0;0;2;0;2;2;0;0;0;0;2;4;2;0;0;0;0;0;2;0;0;0;4;0;0;0;0;0;4;2;2;0;0;0;0;0;0;0;0;0;2;2;0;0
transportation;0;0;0;0;0;0;0;0;0;0;0;0;0;0;0;0;0;0;0;0;0;0;0;0;0;0;0;0;0;0;0;0;0;0;0;0;0;0;0;0;0;0;0;0;0;0;0;0;0;0;0;2;0;2;2;4;0;2;0;10;2;0;0;2;0;0;0;0;2;0;4;0;2;0;0;0;0;0;0;0;0;0;2;0;0;0;0;0;0;0;0;0;0;0;0;0;0;0;0;0
conversations;0;0;0;0;0;0;0;0;0;0;0;0;0;0;0;0;0;0;0;0;0;0;0;0;0;0;0;0;0;0;0;0;0;0;0;0;0;0;0;0;0;0;0;0;0;0;0;0;0;0;0;0;0;0;0;0;0;0;0;2;0;0;0;0;6;0;2;0;0;0;2;0;0;2;0;0;0;2;2;0;0;0;0;0;2;0;0;0;0;6;2;0;2;0;0;0;0;0;0;0
thoughtful;0;0;0;0;0;0;0;0;0;0;0;0;0;0;0;0;0;0;0;0;0;0;0;0;0;0;0;0;0;0;0;0;0;0;0;0;0;0;0;0;0;0;0;0;0;0;0;0;0;0;0;0;0;0;0;0;0;4;4;0;0;0;0;0;0;0;0;0;2;2;2;0;0;0;0;4;0;0;0;0;2;0;0;0;0;0;4;0;0;0;0;2;2;0;0;0;0;0;0;0
number;0;0;0;0;0;0;0;0;0;0;0;0;0;0;0;0;0;0;0;0;0;0;0;0;0;0;0;0;0;0;0;0;0;0;0;0;0;0;0;0;0;0;0;0;0;0;0;0;0;0;0;0;0;0;0;0;0;2;0;0;0;0;0;12;2;0;0;0;0;0;0;0;0;0;0;0;0;0;0;0;0;0;0;0;0;0;0;0;0;2;0;0;0;0;0;0;0;8;0;0
new;0;0;0;0;0;0;0;0;0;0;0;0;0;0;0;0;0;0;0;0;0;0;0;0;0;0;0;0;0;0;0;0;0;0;0;0;0;0;0;0;0;0;0;0;0;0;0;0;0;0;0;0;0;0;0;0;0;0;0;4;2;0;0;0;0;2;0;0;2;0;0;2;0;2;0;0;0;0;0;0;0;6;0;4;2;0;0;0;0;0;0;0;2;2;0;0;0;0;0;0
follow;0;0;0;0;0;0;0;0;0;0;0;0;0;0;0;0;0;0;0;0;0;0;0;0;0;0;0;0;0;0;0;0;0;0;0;0;0;0;0;0;0;0;0;0;0;0;0;0;0;0;0;0;0;0;0;0;0;0;0;2;0;0;0;0;0;0;4;0;0;0;0;0;0;0;0;0;0;0;0;0;0;0;0;0;0;0;0;0;0;0;0;0;0;0;0;0;0;0;0;0
good;0;0;0;0;0;0;0;0;0;0;0;0;0;0;0;0;0;0;0;0;0;0;0;0;0;0;0;0;0;0;0;0;0;0;0;0;0;0;0;0;0;0;0;0;0;0;0;0;0;0;0;0;0;0;0;0;0;0;0;0;0;0;2;0;0;0;2;2;0;0;0;0;2;0;0;0;2;2;0;0;2;0;0;0;0;2;0;0;0;0;2;0;0;0;2;0;2;0;0;0
morning;0;0;0;0;0;0;0;0;0;0;0;0;0;0;0;0;0;0;0;0;0;0;0;0;0;0;0;0;0;0;0;0;0;0;0;0;0;0;0;0;0;0;0;0;0;0;0;0;0;0;0;0;0;0;0;0;0;0;0;0;0;0;0;2;0;0;0;0;0;2;2;0;0;0;0;0;0;0;0;0;2;0;0;0;0;0;2;10;0;0;0;0;0;2;0;0;0;0;0;0
person;0;0;0;0;0;0;0;0;0;0;0;0;0;0;0;0;0;0;0;0;0;0;0;0;0;0;0;0;0;0;0;0;0;0;0;0;0;0;0;0;0;0;0;0;0;0;0;0;0;0;0;0;0;0;0;0;0;0;0;0;0;0;0;0;0;0;0;0;4;4;0;0;0;2;0;2;0;0;0;0;0;0;0;0;0;0;0;0;0;0;2;0;4;0;0;0;0;0;0;0
citys;0;0;0;0;0;0;0;0;0;0;0;0;0;0;0;0;0;0;0;0;0;0;0;0;0;0;0;0;0;0;0;0;0;0;0;0;0;0;0;0;0;0;0;0;0;0;0;0;0;0;0;0;0;0;0;0;0;0;0;0;4;0;0;0;0;0;0;0;2;0;0;0;2;0;0;0;0;0;0;0;0;0;2;4;0;0;0;0;0;0;0;0;0;0;0;0;0;0;0;4
physical;0;0;0;0;0;0;0;0;0;0;0;0;0;0;0;0;0;0;0;0;0;0;0;0;0;0;0;0;0;0;0;0;0;0;0;0;0;0;0;0;0;0;0;0;0;0;0;0;0;0;0;0;0;0;0;0;0;0;0;0;0;0;0;0;2;0;0;0;2;0;0;0;2;2;2;0;0;0;0;2;0;6;0;2;0;4;0;0;0;2;0;0;0;2;0;0;0;0;0;0
agree;0;0;0;0;0;0;0;0;0;0;0;0;0;0;0;0;0;0;0;0;0;0;0;0;0;0;0;0;0;0;0;0;0;0;0;0;0;0;0;0;0;0;0;0;0;0;0;0;0;0;0;0;0;0;0;0;0;0;0;0;0;0;0;0;0;0;0;0;0;0;2;0;0;0;0;0;0;0;2;2;0;0;0;0;0;0;0;0;0;0;0;0;0;0;0;0;0;0;0;0
life;0;0;0;0;0;0;0;0;0;0;0;0;0;0;0;0;0;0;0;0;0;0;0;0;0;0;0;0;0;0;0;0;0;0;0;0;0;0;0;0;0;0;0;0;0;0;0;0;0;0;0;0;0;0;0;0;0;0;0;0;0;0;0;0;0;0;2;0;0;0;0;0;0;0;2;0;2;0;0;2;0;0;2;0;2;0;2;0;2;0;2;0;0;2;0;0;2;0;2;0
call;0;0;0;0;0;0;0;0;0;0;0;0;0;0;0;0;0;0;0;0;0;0;0;0;0;0;0;0;0;0;0;0;0;0;0;0;0;0;0;0;0;0;0;0;0;0;0;0;0;0;0;0;0;0;0;0;0;0;0;0;0;0;0;0;2;0;0;0;0;0;0;0;0;0;0;0;2;2;0;0;0;0;0;0;0;0;2;0;0;2;0;0;0;2;0;0;0;2;0;0
group;0;0;0;0;0;0;0;0;0;0;0;0;0;0;0;0;0;0;0;0;0;0;0;0;0;0;0;0;0;0;0;0;0;0;0;0;0;0;0;0;0;0;0;0;0;0;0;0;0;0;0;0;0;0;0;0;0;0;0;0;0;0;0;0;0;0;0;0;0;0;0;0;2;6;0;0;0;0;0;2;0;0;0;0;0;0;0;0;0;14;0;2;0;0;0;0;0;0;0;0
st;0;0;0;0;0;0;0;0;0;0;0;0;0;0;0;0;0;0;0;0;0;0;0;0;0;0;0;0;0;0;0;0;0;0;0;0;0;0;0;0;0;0;0;0;0;0;0;0;0;0;0;0;0;0;0;0;0;0;0;0;0;0;0;0;0;0;0;0;0;0;0;12;0;0;0;0;0;0;0;4;0;0;0;0;0;0;0;0;0;0;0;0;0;2;0;0;0;0;0;0
certainly;0;0;0;0;0;0;0;0;0;0;0;0;0;0;0;0;0;0;0;0;0;0;0;0;0;0;0;0;0;0;0;0;0;0;0;0;0;0;0;0;0;0;0;0;0;0;0;0;0;0;0;0;0;0;0;0;0;0;0;0;0;0;0;0;0;0;0;0;0;0;0;0;0;0;0;0;0;0;0;0;0;0;0;0;0;0;0;0;2;0;2;2;0;0;0;0;0;0;0;0
hear;0;0;0;0;0;0;0;0;0;0;0;0;0;0;0;0;0;0;0;0;0;0;0;0;0;0;0;0;0;0;0;0;0;0;0;0;0;0;0;0;0;0;0;0;0;0;0;0;0;0;0;0;0;0;0;0;0;0;0;0;0;0;0;0;0;0;0;0;0;0;0;0;0;0;2;0;0;0;2;0;0;0;0;0;2;0;0;2;0;0;0;0;0;0;0;0;0;0;0;0
helpful;0;0;0;0;0;0;0;0;0;0;0;0;0;0;0;0;0;0;0;0;0;0;0;0;0;0;0;0;0;0;0;0;0;0;0;0;0;0;0;0;0;0;0;0;0;0;0;0;0;0;0;0;0;0;0;0;0;0;0;0;0;0;0;0;0;0;0;0;0;0;0;0;0;2;2;0;0;0;0;0;0;0;0;0;0;0;0;0;0;0;0;0;0;0;0;0;0;0;0;2
proud;0;0;0;0;0;0;0;0;0;0;0;0;0;0;0;0;0;0;0;0;0;0;0;0;0;0;0;0;0;0;0;0;0;0;0;0;0;0;0;0;0;0;0;0;0;0;0;0;0;0;0;0;0;0;0;0;0;0;0;0;0;0;0;0;0;0;0;0;0;0;0;0;0;0;0;0;0;0;0;0;0;0;0;0;0;0;0;0;0;0;0;0;4;2;0;0;0;0;0;0
working;0;0;0;0;0;0;0;0;0;0;0;0;0;0;0;0;0;0;0;0;0;0;0;0;0;0;0;0;0;0;0;0;0;0;0;0;0;0;0;0;0;0;0;0;0;0;0;0;0;0;0;0;0;0;0;0;0;0;0;0;0;0;0;0;0;0;0;0;0;0;0;0;0;0;0;0;2;0;0;0;2;0;0;0;0;0;2;0;0;0;0;0;0;0;0;0;0;2;0;0
clair;0;0;0;0;0;0;0;0;0;0;0;0;0;0;0;0;0;0;0;0;0;0;0;0;0;0;0;0;0;0;0;0;0;0;0;0;0;0;0;0;0;0;0;0;0;0;0;0;0;0;0;0;0;0;0;0;0;0;0;0;0;0;0;0;0;0;0;0;0;0;0;0;0;0;0;0;0;0;0;4;0;0;0;0;0;0;0;0;0;0;0;0;0;2;0;0;0;0;0;0
along;0;0;0;0;0;0;0;0;0;0;0;0;0;0;0;0;0;0;0;0;0;0;0;0;0;0;0;0;0;0;0;0;0;0;0;0;0;0;0;0;0;0;0;0;0;0;0;0;0;0;0;0;0;0;0;0;0;0;0;0;0;0;0;0;0;0;0;0;0;0;0;0;0;0;0;0;4;0;0;2;0;0;0;0;0;0;0;0;0;2;0;0;0;0;0;0;2;0;0;0
may;0;0;0;0;0;0;0;0;0;0;0;0;0;0;0;0;0;0;0;0;0;0;0;0;0;0;0;0;0;0;0;0;0;0;0;0;0;0;0;0;0;0;0;0;0;0;0;0;0;0;0;0;0;0;0;0;0;0;0;0;0;0;0;0;0;0;0;0;0;0;0;0;0;0;0;0;0;2;0;0;0;2;0;2;2;2;0;0;0;6;0;0;0;0;0;0;0;0;0;0
could;0;0;0;0;0;0;0;0;0;0;0;0;0;0;0;0;0;0;0;0;0;0;0;0;0;0;0;0;0;0;0;0;0;0;0;0;0;0;0;0;0;0;0;0;0;0;0;0;0;0;0;0;0;0;0;0;0;0;0;0;0;0;0;0;0;0;0;0;0;0;0;0;0;0;0;0;0;0;0;0;0;2;0;0;0;2;0;0;0;0;2;0;0;2;0;0;0;0;0;0
believe;0;0;0;0;0;0;0;0;0;0;0;0;0;0;0;0;0;0;0;0;0;0;0;0;0;0;0;0;0;0;0;0;0;0;0;0;0;0;0;0;0;0;0;0;0;0;0;0;0;0;0;0;0;0;0;0;0;0;0;0;0;0;0;0;0;0;0;0;0;0;0;0;0;0;0;0;0;0;2;0;0;0;0;0;0;0;0;0;0;0;0;2;4;0;0;0;0;0;2;0
ontarios;0;0;0;0;0;0;0;0;0;0;0;0;0;0;0;0;0;0;0;0;0;0;0;0;0;0;0;0;0;0;0;0;0;0;0;0;0;0;0;0;0;0;0;0;0;0;0;0;0;0;0;0;0;0;0;0;0;0;0;0;0;0;0;0;0;0;0;0;0;0;0;0;0;0;0;0;0;0;0;0;2;0;0;0;0;0;0;0;0;0;0;0;0;0;0;0;2;2;0;0
home;0;0;0;0;0;0;0;0;0;0;0;0;0;0;0;0;0;0;0;0;0;0;0;0;0;0;0;0;0;0;0;0;0;0;0;0;0;0;0;0;0;0;0;0;0;0;0;0;0;0;0;0;0;0;0;0;0;0;0;0;0;0;0;0;0;0;0;0;0;0;0;0;0;0;0;0;0;0;0;0;0;2;0;2;0;0;2;0;0;0;2;0;0;4;0;0;0;0;0;0
part;0;0;0;0;0;0;0;0;0;0;0;0;0;0;0;0;0;0;0;0;0;0;0;0;0;0;0;0;0;0;0;0;0;0;0;0;0;0;0;0;0;0;0;0;0;0;0;0;0;0;0;0;0;0;0;0;0;0;0;0;0;0;0;0;0;0;0;0;0;0;0;0;0;0;0;0;0;0;0;0;2;0;0;2;4;2;0;0;0;0;0;0;0;0;0;0;0;0;0;0
communitys;0;0;0;0;0;0;0;0;0;0;0;0;0;0;0;0;0;0;0;0;0;0;0;0;0;0;0;0;0;0;0;0;0;0;0;0;0;0;0;0;0;0;0;0;0;0;0;0;0;0;0;0;0;0;0;0;0;0;0;0;0;0;0;0;0;0;0;0;0;0;0;0;0;0;0;0;0;0;0;0;2;0;2;0;2;0;4;0;0;2;0;2;0;0;0;2;0;0;0;0
pleasure;0;0;0;0;0;0;0;0;0;0;0;0;0;0;0;0;0;0;0;0;0;0;0;0;0;0;0;0;0;0;0;0;0;0;0;0;0;0;0;0;0;0;0;0;0;0;0;0;0;0;0;0;0;0;0;0;0;0;0;0;0;0;0;0;0;0;0;0;0;0;0;0;0;0;0;0;0;0;0;0;0;0;0;2;0;2;0;0;0;0;0;0;0;0;0;2;0;2;0;0
responsibility;0;0;0;0;0;0;0;0;0;0;0;0;0;0;0;0;0;0;0;0;0;0;0;0;0;0;0;0;0;0;0;0;0;0;0;0;0;0;0;0;0;0;0;0;0;0;0;0;0;0;0;0;0;0;0;0;0;0;0;0;0;0;0;0;0;0;0;0;0;0;0;0;0;0;0;0;0;0;0;0;0;0;0;6;0;4;0;0;0;0;0;0;0;6;0;0;0;0;0;0
social;0;0;0;0;0;0;0;0;0;0;0;0;0;0;0;0;0;0;0;0;0;0;0;0;0;0;0;0;0;0;0;0;0;0;0;0;0;0;0;0;0;0;0;0;0;0;0;0;0;0;0;0;0;0;0;0;0;0;0;0;0;0;0;0;0;0;0;0;0;0;0;0;0;0;0;0;0;0;0;0;0;0;0;0;2;0;2;0;0;0;0;0;0;0;0;0;0;0;0;0
crisis;0;0;0;0;0;0;0;0;0;0;0;0;0;0;0;0;0;0;0;0;0;0;0;0;0;0;0;0;0;0;0;0;0;0;0;0;0;0;0;0;0;0;0;0;0;0;0;0;0;0;0;0;0;0;0;0;0;0;0;0;0;0;0;0;0;0;0;0;0;0;0;0;0;0;0;0;0;0;0;0;0;0;0;0;0;2;0;0;0;0;0;0;0;2;0;0;0;0;0;2
able;0;0;0;0;0;0;0;0;0;0;0;0;0;0;0;0;0;0;0;0;0;0;0;0;0;0;0;0;0;0;0;0;0;0;0;0;0;0;0;0;0;0;0;0;0;0;0;0;0;0;0;0;0;0;0;0;0;0;0;0;0;0;0;0;0;0;0;0;0;0;0;0;0;0;0;0;0;0;0;0;0;0;0;0;0;0;4;2;0;0;0;0;0;0;0;0;2;0;0;0
experts;0;0;0;0;0;0;0;0;0;0;0;0;0;0;0;0;0;0;0;0;0;0;0;0;0;0;0;0;0;0;0;0;0;0;0;0;0;0;0;0;0;0;0;0;0;0;0;0;0;0;0;0;0;0;0;0;0;0;0;0;0;0;0;0;0;0;0;0;0;0;0;0;0;0;0;0;0;0;0;0;0;0;0;0;0;0;0;0;0;0;0;0;0;2;0;0;2;0;0;0
enjoyed;0;0;0;0;0;0;0;0;0;0;0;0;0;0;0;0;0;0;0;0;0;0;0;0;0;0;0;0;0;0;0;0;0;0;0;0;0;0;0;0;0;0;0;0;0;0;0;0;0;0;0;0;0;0;0;0;0;0;0;0;0;0;0;0;0;0;0;0;0;0;0;0;0;0;0;0;0;0;0;0;0;0;0;0;0;0;0;0;0;0;0;2;0;2;0;0;2;0;0;0
tweet;0;0;0;0;0;0;0;0;0;0;0;0;0;0;0;0;0;0;0;0;0;0;0;0;0;0;0;0;0;0;0;0;0;0;0;0;0;0;0;0;0;0;0;0;0;0;0;0;0;0;0;0;0;0;0;0;0;0;0;0;0;0;0;0;0;0;0;0;0;0;0;0;0;0;0;0;0;0;0;0;0;0;0;0;0;0;0;0;0;0;0;0;0;0;0;0;0;0;0;0
tenants;0;0;0;0;0;0;0;0;0;0;0;0;0;0;0;0;0;0;0;0;0;0;0;0;0;0;0;0;0;0;0;0;0;0;0;0;0;0;0;0;0;0;0;0;0;0;0;0;0;0;0;0;0;0;0;0;0;0;0;0;0;0;0;0;0;0;0;0;0;0;0;0;0;0;0;0;0;0;0;0;0;0;0;0;0;0;0;0;0;0;0;0;0;0;0;0;0;0;0;2
cemeteries;0;0;0;0;0;0;0;0;0;0;0;0;0;0;0;0;0;0;0;0;0;0;0;0;0;0;0;0;0;0;0;0;0;0;0;0;0;0;0;0;0;0;0;0;0;0;0;0;0;0;0;0;0;0;0;0;0;0;0;0;0;0;0;0;0;0;0;0;0;0;0;0;0;0;0;0;0;0;0;0;0;0;0;0;0;0;0;0;0;0;0;0;0;0;0;0;0;0;0;0
family;0;0;0;0;0;0;0;0;0;0;0;0;0;0;0;0;0;0;0;0;0;0;0;0;0;0;0;0;0;0;0;0;0;0;0;0;0;0;0;0;0;0;0;0;0;0;0;0;0;0;0;0;0;0;0;0;0;0;0;0;0;0;0;0;0;0;0;0;0;0;0;0;0;0;0;0;0;0;0;0;0;0;0;0;0;0;0;0;0;0;0;0;0;0;0;0;0;0;0;0
wonderful;0;0;0;0;0;0;0;0;0;0;0;0;0;0;0;0;0;0;0;0;0;0;0;0;0;0;0;0;0;0;0;0;0;0;0;0;0;0;0;0;0;0;0;0;0;0;0;0;0;0;0;0;0;0;0;0;0;0;0;0;0;0;0;0;0;0;0;0;0;0;0;0;0;0;0;0;0;0;0;0;0;0;0;0;0;0;0;0;0;0;0;0;0;0;0;0;0;0;0;0
kindness;0;0;0;0;0;0;0;0;0;0;0;0;0;0;0;0;0;0;0;0;0;0;0;0;0;0;0;0;0;0;0;0;0;0;0;0;0;0;0;0;0;0;0;0;0;0;0;0;0;0;0;0;0;0;0;0;0;0;0;0;0;0;0;0;0;0;0;0;0;0;0;0;0;0;0;0;0;0;0;0;0;0;0;0;0;0;0;0;0;0;0;0;0;0;0;0;0;0;0;0
everyone;0;0;0;0;0;0;0;0;0;0;0;0;0;0;0;0;0;0;0;0;0;0;0;0;0;0;0;0;0;0;0;0;0;0;0;0;0;0;0;0;0;0;0;0;0;0;0;0;0;0;0;0;0;0;0;0;0;0;0;0;0;0;0;0;0;0;0;0;0;0;0;0;0;0;0;0;0;0;0;0;0;0;0;0;0;0;0;0;0;0;0;0;0;0;0;0;0;0;0;0
write;0;0;0;0;0;0;0;0;0;0;0;0;0;0;0;0;0;0;0;0;0;0;0;0;0;0;0;0;0;0;0;0;0;0;0;0;0;0;0;0;0;0;0;0;0;0;0;0;0;0;0;0;0;0;0;0;0;0;0;0;0;0;0;0;0;0;0;0;0;0;0;0;0;0;0;0;0;0;0;0;0;0;0;0;0;0;0;0;0;0;0;0;0;0;0;0;0;0;0;2
torontost;0;0;0;0;0;0;0;0;0;0;0;0;0;0;0;0;0;0;0;0;0;0;0;0;0;0;0;0;0;0;0;0;0;0;0;0;0;0;0;0;0;0;0;0;0;0;0;0;0;0;0;0;0;0;0;0;0;0;0;0;0;0;0;0;0;0;0;0;0;0;0;0;0;0;0;0;0;0;0;0;0;0;0;0;0;0;0;0;0;0;0;0;0;0;0;0;0;0;0;0
park;0;0;0;0;0;0;0;0;0;0;0;0;0;0;0;0;0;0;0;0;0;0;0;0;0;0;0;0;0;0;0;0;0;0;0;0;0;0;0;0;0;0;0;0;0;0;0;0;0;0;0;0;0;0;0;0;0;0;0;0;0;0;0;0;0;0;0;0;0;0;0;0;0;0;0;0;0;0;0;0;0;0;0;0;0;0;0;0;0;0;0;0;0;0;0;0;0;0;0;0
discuss;0;0;0;0;0;0;0;0;0;0;0;0;0;0;0;0;0;0;0;0;0;0;0;0;0;0;0;0;0;0;0;0;0;0;0;0;0;0;0;0;0;0;0;0;0;0;0;0;0;0;0;0;0;0;0;0;0;0;0;0;0;0;0;0;0;0;0;0;0;0;0;0;0;0;0;0;0;0;0;0;0;0;0;0;0;0;0;0;0;0;0;0;0;0;0;0;0;0;0;0
@davidjkruger;0;0;0;0;0;0;0;0;0;0;0;0;0;0;0;0;0;0;0;0;0;0;0;0;0;0;0;0;0;0;0;0;0;0;0;0;0;0;0;0;0;0;0;0;0;0;0;0;0;0;0;0;0;0;0;0;0;0;0;0;0;0;0;0;0;0;0;0;0;0;0;0;0;0;0;0;0;0;0;0;0;0;0;0;0;0;0;0;0;0;0;0;0;0;0;0;0;0;0;0
government;0;0;0;0;0;0;0;0;0;0;0;0;0;0;0;0;0;0;0;0;0;0;0;0;0;0;0;0;0;0;0;0;0;0;0;0;0;0;0;0;0;0;0;0;0;0;0;0;0;0;0;0;0;0;0;0;0;0;0;0;0;0;0;0;0;0;0;0;0;0;0;0;0;0;0;0;0;0;0;0;0;0;0;0;0;0;0;0;0;0;0;0;0;0;0;0;0;0;0;0
