;great;people;"thank_you
";big;job;joe;china;country;state;"fake_news
";endorsement;military;good;transit;sleepy;vets;media;history;bad;tom;states;american;world;help;trump;coronavirus;pennsylvania;vote;federal;president;"second_amendment
";crazy;republican;usa;congressman;election;mike;obamagate;obama;lamestream;testing;love;work;proud;border;political;ballots;incredible;win;national;united;left;lost;caught;governor;funding;important;news;coming;george;"white_house
";socalled;together;guy;corrupt;totally;republicans;wisconsin;congress;greatest;california;soon;night;tonight;john;administration;russia;michigan;stay;strongly;trying;businesses;funds;area;supports;farmers;democrat;moving;looking;fraud;hard;fake;ratings;beat;show;crime;cold;twitter;put;biden
great;0;32;16;12;36;4;8;6;20;10;6;20;12;8;2;16;4;4;8;12;4;10;8;12;10;8;4;8;6;0;4;2;8;10;8;4;10;2;2;6;14;10;2;4;4;4;8;8;6;10;2;4;4;0;8;2;4;12;2;4;2;2;4;8;2;4;6;12;8;2;6;4;6;2;2;2;0;4;0;2;0;4;4;8;6;10;14;2;2;4;0;2;2;10;4;2;0;0;0;2
people;0;0;4;16;8;6;14;8;12;12;10;14;6;14;2;14;10;2;4;8;4;6;0;14;2;6;8;2;8;4;8;4;4;8;6;6;0;0;4;10;4;8;10;6;6;6;4;12;6;4;4;0;4;4;6;10;4;2;8;0;0;2;6;2;6;8;6;8;10;2;4;2;2;0;0;2;0;6;4;10;2;4;6;2;12;4;2;10;2;2;6;2;0;4;2;0;6;2;6;2
"thank_you
";0;0;0;2;4;6;2;0;2;2;0;6;2;0;6;0;0;6;4;0;4;2;0;2;2;0;2;0;4;2;0;0;10;0;0;0;2;2;0;0;0;4;4;0;2;4;0;0;4;2;4;2;0;2;2;0;2;0;0;2;0;0;0;0;0;0;0;2;0;6;2;0;4;0;0;2;0;2;4;0;2;0;0;0;0;2;0;0;2;0;6;0;0;0;0;4;0;2;0;2
big;0;0;0;0;4;0;0;8;6;4;4;2;6;6;0;2;4;2;4;10;4;0;0;4;0;4;0;8;6;2;4;2;8;6;2;2;4;0;0;2;0;4;0;0;6;2;0;0;10;2;2;4;6;4;2;0;0;6;2;0;0;6;2;0;0;2;2;12;2;2;6;2;0;2;6;2;0;0;6;0;0;0;4;0;0;0;4;4;2;2;4;0;2;2;0;6;0;2;0;0
job;0;0;0;0;0;4;2;2;2;2;4;2;4;2;0;6;2;4;6;2;6;2;2;4;4;4;0;0;4;4;6;0;2;0;6;2;2;2;2;2;4;0;0;4;2;6;0;0;0;6;4;6;2;0;0;2;4;2;0;0;4;2;4;2;2;2;0;2;6;4;0;0;6;0;2;0;0;0;0;6;2;4;2;2;6;2;2;2;0;0;0;0;4;4;4;2;2;0;0;2
joe;0;0;0;0;0;0;8;0;6;2;0;2;0;0;32;0;2;4;8;0;2;2;0;0;8;2;2;2;2;2;0;8;4;2;0;2;0;2;2;2;0;0;0;0;0;0;0;0;8;0;2;2;0;0;0;0;0;0;4;0;2;2;0;0;4;0;0;0;2;0;0;0;0;0;0;4;0;0;4;0;0;0;0;0;0;0;0;0;0;0;0;0;8;2;0;0;14;0;0;12
china;0;0;0;0;0;0;0;8;0;8;0;0;4;0;6;0;2;0;6;0;10;2;12;2;2;6;0;0;0;4;0;4;0;6;0;0;0;0;0;2;2;0;0;0;2;4;0;0;2;0;12;4;6;0;0;0;0;0;2;0;0;2;2;0;0;0;2;0;2;0;0;4;0;0;0;0;2;0;0;0;6;0;2;0;0;0;2;2;2;0;0;0;2;0;2;0;0;2;2;6
country;0;0;0;0;0;0;0;0;0;8;4;2;4;0;0;4;4;4;2;0;4;0;8;0;0;0;2;4;0;0;4;2;2;4;4;0;2;0;0;2;4;4;0;0;0;4;2;2;4;0;4;2;0;2;0;0;0;0;4;0;0;0;0;0;0;0;0;0;2;4;0;4;0;4;0;0;0;0;0;2;2;2;0;0;4;2;0;0;0;0;0;4;0;0;0;2;0;0;2;0
state;0;0;0;0;0;0;0;0;0;0;0;2;4;8;2;0;0;0;2;4;2;2;0;4;4;0;6;6;2;2;0;4;2;0;2;8;0;0;0;0;0;6;0;0;0;0;4;2;2;2;2;0;0;0;4;2;2;2;4;0;0;0;0;0;0;0;0;4;0;0;2;0;2;0;0;0;0;6;0;0;2;2;6;2;0;0;6;0;2;4;2;0;2;0;0;2;2;0;0;2
"fake_news
";0;0;0;0;0;0;0;0;0;0;0;0;2;0;4;0;14;4;4;0;2;0;0;2;0;2;0;0;0;2;0;2;4;4;0;4;0;2;0;12;2;2;2;2;0;2;2;0;4;2;2;2;0;0;0;0;0;4;2;0;0;0;0;2;4;2;0;0;0;2;0;0;0;0;0;0;2;0;2;0;4;0;0;0;0;0;0;2;0;4;0;0;2;0;6;0;0;0;0;2
endorsement;0;0;0;0;0;0;0;0;0;0;0;20;0;0;0;28;0;0;0;4;0;6;0;4;2;0;16;10;0;0;28;4;0;0;22;2;4;0;0;0;0;0;2;0;8;0;2;16;0;0;0;0;0;0;0;0;0;0;0;0;0;0;2;2;0;0;0;4;8;0;0;0;0;0;2;0;0;0;0;12;0;16;0;0;12;8;0;0;0;4;4;0;0;0;0;6;0;0;0;0
military;0;0;0;0;0;0;0;0;0;0;0;0;2;0;2;28;0;0;0;4;0;0;0;6;4;0;10;0;8;0;16;0;0;0;12;0;0;0;0;0;0;6;0;0;2;0;0;16;4;0;0;0;0;0;4;0;0;0;0;2;0;2;0;0;0;0;4;4;8;0;0;2;0;0;2;2;0;0;2;4;0;10;0;0;8;8;0;0;0;0;2;0;0;4;0;2;0;0;0;0
good;0;0;0;0;0;0;0;0;0;0;0;0;0;2;0;2;4;0;8;2;4;2;2;2;0;4;2;0;2;0;0;0;0;0;0;0;0;0;0;6;4;2;4;0;2;0;0;0;2;0;2;0;0;0;2;0;2;6;2;0;0;0;0;2;0;2;2;0;0;0;0;0;4;0;0;0;0;2;2;2;0;2;2;0;0;0;2;0;6;0;0;4;0;0;0;0;0;0;2;0
transit;0;0;0;0;0;0;0;0;0;0;0;0;0;0;0;0;0;0;0;0;0;0;0;10;0;0;2;0;12;0;0;0;0;2;0;0;0;0;0;0;0;2;4;12;0;0;0;0;0;0;0;0;2;0;0;12;6;4;4;0;0;0;2;0;0;0;0;2;0;0;0;0;0;0;0;0;0;0;2;0;0;0;14;8;0;0;0;4;0;0;2;0;0;0;0;0;0;0;0;0
sleepy;0;0;0;0;0;0;0;0;0;0;0;0;0;0;0;0;2;4;2;0;2;2;0;0;4;0;0;2;2;0;0;6;4;0;0;0;0;2;4;2;0;0;2;0;0;0;0;0;8;0;2;2;0;0;0;0;0;0;2;0;4;0;0;0;4;0;0;0;0;0;0;0;0;0;0;4;0;0;4;0;0;0;0;0;0;0;0;0;0;2;0;0;0;0;0;0;0;0;2;12
vets;0;0;0;0;0;0;0;0;0;0;0;0;0;0;0;0;0;0;0;4;0;0;0;4;2;0;14;6;2;0;20;0;0;0;20;2;4;0;0;0;0;4;2;0;4;0;0;18;0;0;0;0;0;0;0;0;0;0;0;0;0;2;0;2;0;0;2;4;12;0;0;0;0;0;2;2;0;0;0;12;0;12;0;0;16;10;0;0;0;0;4;0;0;2;0;2;0;0;0;0
media;0;0;0;0;0;0;0;0;0;0;0;0;0;0;0;0;0;0;4;0;0;0;0;0;4;2;0;0;0;4;0;2;2;2;0;0;0;0;0;26;2;0;2;2;0;0;2;0;10;0;0;4;0;2;0;0;0;0;0;2;0;0;4;0;10;8;2;0;0;0;0;0;0;0;0;0;0;0;0;2;2;0;0;0;0;0;0;0;2;0;2;0;0;0;2;0;0;0;0;2
history;0;0;0;0;0;0;0;0;0;0;0;0;0;0;0;0;0;0;0;0;4;8;0;0;0;0;0;2;0;8;0;0;4;6;2;2;0;4;4;0;0;0;0;0;2;16;2;0;0;0;4;0;0;0;0;0;2;0;0;0;2;0;2;2;6;0;0;0;0;20;0;0;2;4;0;6;2;0;0;0;4;0;0;0;0;2;0;0;0;0;0;0;0;0;0;10;0;0;0;0
bad;0;0;0;0;0;0;0;0;0;0;0;0;0;0;0;0;0;0;0;0;0;0;2;2;0;6;0;0;0;2;0;2;2;2;0;2;2;0;0;4;0;0;0;0;0;0;0;0;2;0;0;2;2;0;0;0;0;0;2;2;2;2;2;0;2;2;0;0;2;0;0;0;2;0;2;0;2;2;0;0;0;0;0;0;0;0;2;0;2;0;0;2;10;2;0;0;6;0;0;0
tom;0;0;0;0;0;0;0;0;0;0;0;0;0;0;0;0;0;0;0;0;2;0;0;8;0;0;0;6;0;0;4;0;2;0;2;0;2;0;0;0;0;0;0;0;6;0;0;4;4;0;2;0;0;0;2;0;2;2;0;0;0;0;0;4;0;0;0;16;6;0;2;0;0;0;0;0;0;0;0;0;0;0;0;0;4;4;4;0;2;0;0;0;0;2;0;4;0;0;0;0
states;0;0;0;0;0;0;0;0;0;0;0;0;0;0;0;0;0;0;0;0;0;0;2;2;2;6;0;0;0;2;0;0;0;2;2;2;0;2;2;0;0;0;2;2;2;2;2;0;2;2;22;2;0;0;0;0;0;4;2;0;0;0;2;0;0;2;2;2;2;4;0;2;0;0;0;2;0;0;0;2;6;0;0;0;0;0;2;0;2;0;0;0;0;2;0;0;0;2;4;2
american;0;0;0;0;0;0;0;0;0;0;0;0;0;0;0;0;0;0;0;0;0;0;0;0;0;0;0;4;0;2;0;6;0;0;2;0;0;0;0;0;0;0;2;0;0;4;0;0;0;2;0;2;0;0;0;0;0;0;2;0;0;0;4;2;0;0;0;0;0;4;0;0;2;4;0;0;2;0;0;0;0;4;0;0;0;0;0;0;0;4;0;0;0;0;0;2;0;0;0;2
world;0;0;0;0;0;0;0;0;0;0;0;0;0;0;0;0;0;0;0;0;0;0;0;0;2;2;0;0;0;0;0;0;0;2;0;2;0;0;2;0;6;0;0;0;0;0;2;0;0;0;4;2;4;0;0;0;2;0;2;0;0;2;0;0;0;0;0;0;2;0;0;0;0;0;0;0;0;0;0;0;4;0;0;0;0;0;0;0;0;2;0;0;0;0;2;0;0;2;0;0
help;0;0;0;0;0;0;0;0;0;0;0;0;0;0;0;0;0;0;0;0;0;0;0;0;0;4;0;4;6;0;4;0;0;2;0;0;0;0;0;0;2;0;2;4;4;0;0;4;0;2;0;0;2;0;4;2;2;0;2;0;0;0;0;0;0;0;2;8;4;0;0;2;2;0;0;0;0;0;0;0;0;0;6;2;4;4;0;0;2;0;2;0;0;0;0;4;0;0;0;0
trump;0;0;0;0;0;0;0;0;0;0;0;0;0;0;0;0;0;0;0;0;0;0;0;0;0;2;2;2;0;4;2;0;2;2;0;0;0;0;6;2;0;2;0;0;0;0;0;0;0;0;2;2;0;2;0;0;0;0;0;0;0;2;2;2;0;2;0;0;0;0;0;0;0;0;0;4;4;0;2;0;2;2;0;0;0;2;0;0;0;0;0;0;2;6;2;0;4;0;0;6
coronavirus;0;0;0;0;0;0;0;0;0;0;0;0;0;0;0;0;0;0;0;0;0;0;0;0;0;0;0;0;4;4;0;2;0;2;0;0;2;0;0;0;4;2;0;0;2;0;0;0;0;4;2;0;2;0;2;0;0;2;2;0;2;0;2;0;0;0;0;0;0;0;2;0;0;0;0;0;0;0;0;2;0;0;0;0;0;0;0;0;2;0;0;0;0;0;0;0;0;0;2;0
pennsylvania;0;0;0;0;0;0;0;0;0;0;0;0;0;0;0;0;0;0;0;0;0;0;0;0;0;0;0;0;0;2;14;0;0;2;14;2;2;0;0;0;0;2;2;0;0;2;0;10;0;0;0;0;0;0;0;0;0;0;2;0;0;0;0;2;0;0;0;0;2;0;0;2;0;0;2;0;0;0;0;8;0;4;0;0;8;2;0;2;2;0;4;0;0;0;0;0;0;0;0;2
vote;0;0;0;0;0;0;0;0;0;0;0;0;0;0;0;0;0;0;0;0;0;0;0;0;0;0;0;0;0;0;4;4;2;2;0;2;8;0;2;0;0;0;0;0;6;2;2;0;2;0;0;0;0;0;2;0;0;0;0;0;0;0;0;2;0;0;2;6;4;2;2;0;0;0;0;0;0;0;0;0;2;0;2;0;0;0;0;0;0;6;0;0;0;0;0;6;0;0;0;0
federal;0;0;0;0;0;0;0;0;0;0;0;0;0;0;0;0;0;0;0;0;0;0;0;0;0;0;0;0;0;0;0;0;0;2;0;0;0;0;0;0;2;2;2;8;0;0;0;0;2;2;0;0;4;0;2;6;4;2;0;0;0;0;2;0;0;0;2;0;0;0;0;0;0;0;0;2;0;0;2;0;0;0;8;6;0;0;0;8;0;0;0;0;0;0;0;2;0;0;0;0
president;0;0;0;0;0;0;0;0;0;0;0;0;0;0;0;0;0;0;0;0;0;0;0;0;0;0;0;0;0;0;0;2;0;2;2;0;2;0;2;2;0;0;0;0;2;4;0;0;0;0;2;4;0;0;0;0;0;0;2;0;2;0;4;2;0;2;2;0;2;6;2;0;0;0;2;0;0;0;0;0;2;0;0;0;0;2;2;0;0;0;0;0;0;2;0;2;2;4;2;2
"second_amendment
";0;0;0;0;0;0;0;0;0;0;0;0;0;0;0;0;0;0;0;0;0;0;0;0;0;0;0;0;0;0;0;0;0;0;18;2;2;0;0;0;0;0;0;0;8;0;0;12;0;0;0;0;0;0;0;0;0;0;0;0;0;0;0;0;0;0;0;4;6;0;0;0;0;0;2;0;0;0;0;12;0;10;0;0;12;6;0;0;0;0;4;0;0;0;0;4;0;0;0;0
crazy;0;0;0;0;0;0;0;0;0;0;0;0;0;0;0;0;0;0;0;0;0;0;0;0;0;0;0;0;0;0;0;0;0;2;0;6;0;0;0;2;4;0;2;0;0;4;2;0;2;0;0;2;4;0;0;0;0;0;2;0;0;0;0;0;0;2;0;0;0;0;2;0;0;0;0;0;0;0;4;0;2;0;0;2;0;0;2;2;0;4;2;0;2;2;2;0;4;0;0;4
republican;0;0;0;0;0;0;0;0;0;0;0;0;0;0;0;0;0;0;0;0;0;0;0;0;0;0;0;0;0;0;0;0;0;2;0;0;2;0;0;2;0;4;0;0;0;4;0;0;4;6;0;0;2;0;4;0;2;0;0;0;0;0;0;0;2;0;0;2;0;4;2;0;2;0;2;0;0;0;2;0;0;0;0;0;0;0;6;2;0;2;0;0;0;2;0;2;0;0;0;2
usa;0;0;0;0;0;0;0;0;0;0;0;0;0;0;0;0;0;0;0;0;0;0;0;0;0;0;0;0;0;0;0;0;0;0;2;0;0;0;4;2;2;0;0;2;0;8;0;0;0;0;2;0;0;0;0;0;0;2;0;0;0;0;2;2;0;0;0;0;0;4;0;0;0;0;0;2;0;0;0;0;0;0;0;0;0;2;0;4;0;0;0;0;0;0;2;4;0;0;0;0
congressman;0;0;0;0;0;0;0;0;0;0;0;0;0;0;0;0;0;0;0;0;0;0;0;0;0;0;0;0;0;0;0;0;0;0;0;2;4;0;2;0;0;0;2;0;0;2;0;10;0;0;2;0;0;0;0;0;0;2;0;0;0;0;0;6;0;0;0;2;2;0;0;0;0;0;2;0;0;0;0;10;0;8;0;0;10;6;0;0;0;0;4;0;0;0;0;2;0;0;0;0
election;0;0;0;0;0;0;0;0;0;0;0;0;0;0;0;0;0;0;0;0;0;0;0;0;0;0;0;0;0;0;0;0;0;0;0;0;0;0;0;0;0;0;0;0;0;0;12;0;0;0;2;0;2;0;4;2;0;0;0;0;0;0;0;0;0;0;0;0;2;2;6;0;0;0;0;0;0;2;2;2;10;2;0;6;2;0;6;0;0;6;2;0;2;0;0;0;2;2;0;0
mike;0;0;0;0;0;0;0;0;0;0;0;0;0;0;0;0;0;0;0;0;0;0;0;0;0;0;0;0;0;0;0;0;0;0;0;0;0;0;0;0;0;0;0;2;0;0;2;2;2;0;0;0;0;0;0;0;0;0;0;0;2;0;2;0;0;0;2;2;0;0;4;0;0;0;0;0;0;0;0;0;2;0;0;0;0;0;2;0;0;0;0;0;0;2;0;0;0;0;0;0
obamagate;0;0;0;0;0;0;0;0;0;0;0;0;0;0;0;0;0;0;0;0;0;0;0;0;0;0;0;0;0;0;0;0;0;0;0;0;0;0;0;0;0;0;0;0;0;2;0;0;0;0;2;0;0;2;0;0;0;0;0;0;0;0;0;0;2;0;0;0;0;2;0;0;0;0;0;2;0;0;0;0;2;0;0;0;0;0;0;0;0;0;0;0;0;0;0;0;0;0;0;0
obama;0;0;0;0;0;0;0;0;0;0;0;0;0;0;0;0;0;0;0;0;0;0;0;0;0;0;0;0;0;0;0;0;0;0;0;0;0;0;0;0;2;0;2;0;0;2;0;0;0;0;2;2;0;6;2;0;0;0;0;0;2;0;0;2;2;0;2;0;0;0;0;0;0;2;0;8;4;0;2;2;0;0;0;0;0;0;0;0;0;0;0;0;0;0;0;2;2;2;0;0
lamestream;0;0;0;0;0;0;0;0;0;0;0;0;0;0;0;0;0;0;0;0;0;0;0;0;0;0;0;0;0;0;0;0;0;0;0;0;0;0;0;0;4;0;2;2;0;0;0;0;8;0;0;4;0;2;0;0;0;2;0;0;0;0;4;0;10;6;0;0;0;0;0;0;0;0;0;0;0;0;0;0;2;0;0;0;0;0;0;0;0;0;2;2;0;0;2;0;0;0;0;2
testing;0;0;0;0;0;0;0;0;0;0;0;0;0;0;0;0;0;0;0;0;0;0;0;0;0;0;0;0;0;0;0;0;0;0;0;0;0;0;0;0;0;0;2;2;0;0;0;0;0;0;0;4;0;0;2;0;0;2;2;0;0;0;2;0;0;0;0;0;2;0;0;2;2;0;0;0;0;0;0;0;0;0;0;0;0;0;0;0;0;0;0;2;0;0;4;0;0;0;0;0
love;0;0;0;0;0;0;0;0;0;0;0;0;0;0;0;0;0;0;0;0;0;0;0;0;0;0;0;0;0;0;0;0;0;0;0;0;0;0;0;0;0;0;0;2;0;0;0;0;0;4;0;0;0;2;2;2;0;0;2;0;0;2;0;0;0;0;4;2;0;0;0;0;0;0;0;2;0;0;0;0;0;0;0;0;0;0;2;0;2;0;0;0;0;4;0;0;0;0;2;0
work;0;0;0;0;0;0;0;0;0;0;0;0;0;0;0;0;0;0;0;0;0;0;0;0;0;0;0;0;0;0;0;0;0;0;0;0;0;0;0;0;0;0;0;2;0;0;0;0;2;0;0;0;2;0;0;2;4;0;2;0;2;0;2;4;0;0;0;0;0;0;0;0;0;0;0;2;0;0;0;2;0;0;2;0;2;0;0;0;2;0;2;0;0;0;4;0;0;0;0;0
proud;0;0;0;0;0;0;0;0;0;0;0;0;0;0;0;0;0;0;0;0;0;0;0;0;0;0;0;0;0;0;0;0;0;0;0;0;0;0;0;0;0;0;0;0;0;0;0;0;0;0;2;0;0;0;0;12;6;0;2;0;0;0;4;0;0;0;0;2;0;0;0;0;0;0;0;2;0;0;0;0;0;0;4;6;0;0;0;6;0;0;0;0;0;2;0;0;0;0;0;0
border;0;0;0;0;0;0;0;0;0;0;0;0;0;0;0;0;0;0;0;0;0;0;0;0;0;0;0;0;0;0;0;0;0;0;0;0;0;0;0;0;0;0;0;0;0;0;0;2;0;0;2;0;0;0;0;0;2;0;2;0;0;0;0;2;0;0;0;4;4;0;2;0;0;0;0;0;0;0;0;2;0;0;0;0;2;0;0;0;0;0;0;0;0;0;0;6;0;0;0;0
political;0;0;0;0;0;0;0;0;0;0;0;0;0;0;0;0;0;0;0;0;0;0;0;0;0;0;0;0;0;0;0;0;0;0;0;0;0;0;0;0;0;0;0;0;0;0;0;0;0;0;2;0;4;0;0;0;2;0;0;0;0;0;0;2;0;2;2;0;0;10;0;0;2;2;0;0;2;0;0;0;2;0;0;0;0;0;0;4;0;0;0;0;0;2;0;10;2;0;0;0
ballots;0;0;0;0;0;0;0;0;0;0;0;0;0;0;0;0;0;0;0;0;0;0;0;0;0;0;0;0;0;0;0;0;0;0;0;0;0;0;0;0;0;0;0;0;0;0;0;0;2;0;2;0;0;0;6;0;0;0;0;0;0;0;0;0;0;0;0;0;0;2;8;0;0;0;0;0;0;0;0;0;6;0;2;6;0;0;6;0;0;6;0;0;0;0;0;0;0;2;0;0
incredible;0;0;0;0;0;0;0;0;0;0;0;0;0;0;0;0;0;0;0;0;0;0;0;0;0;0;0;0;0;0;0;0;0;0;0;0;0;0;0;0;0;0;0;0;0;0;0;0;0;0;0;0;0;0;0;0;0;0;0;0;0;0;0;0;0;0;0;4;8;0;0;0;0;0;0;0;0;0;0;6;0;6;0;0;10;8;0;0;0;0;4;0;0;0;0;0;0;0;0;0
win;0;0;0;0;0;0;0;0;0;0;0;0;0;0;0;0;0;0;0;0;0;0;0;0;0;0;0;0;0;0;0;0;0;0;0;0;0;0;0;0;0;0;0;0;0;0;0;0;0;0;2;2;2;0;2;0;0;0;0;0;0;2;2;0;2;0;0;4;0;0;2;0;0;0;2;0;0;0;2;0;0;0;0;0;0;0;4;0;0;0;0;0;0;2;0;0;0;0;0;6
national;0;0;0;0;0;0;0;0;0;0;0;0;0;0;0;0;0;0;0;0;0;0;0;0;0;0;0;0;0;0;0;0;0;0;0;0;0;0;0;0;0;0;0;0;0;0;0;0;0;0;0;2;2;0;2;0;0;0;0;4;0;0;2;0;0;0;0;0;0;0;0;0;0;0;0;0;0;0;2;0;0;0;0;0;0;0;4;2;0;0;0;0;0;0;0;0;0;0;0;0
united;0;0;0;0;0;0;0;0;0;0;0;0;0;0;0;0;0;0;0;0;0;0;0;0;0;0;0;0;0;0;0;0;0;0;0;0;0;0;0;0;0;0;0;0;0;0;0;0;0;0;0;2;0;0;0;0;0;4;0;0;0;2;2;0;0;0;2;2;2;4;0;2;0;0;0;2;0;0;0;2;6;0;0;0;0;0;2;0;0;0;0;0;0;2;0;0;0;2;2;2
left;0;0;0;0;0;0;0;0;0;0;0;0;0;0;0;0;0;0;0;0;0;0;0;0;0;0;0;0;0;0;0;0;0;0;0;0;0;0;0;0;0;0;0;0;0;0;0;0;0;0;0;0;0;0;0;0;0;0;0;0;0;2;4;0;0;2;2;0;4;0;0;0;0;2;0;2;0;2;2;0;2;0;0;0;2;0;2;0;0;0;0;2;2;0;0;0;0;4;6;2
lost;0;0;0;0;0;0;0;0;0;0;0;0;0;0;0;0;0;0;0;0;0;0;0;0;0;0;0;0;0;0;0;0;0;0;0;0;0;0;0;0;0;0;0;0;0;0;0;0;0;0;0;0;0;0;0;0;2;0;0;0;0;2;0;0;0;0;0;0;0;0;0;0;0;0;4;0;0;0;2;0;0;0;2;0;0;0;0;2;0;0;2;0;0;0;0;0;0;0;0;0
caught;0;0;0;0;0;0;0;0;0;0;0;0;0;0;0;0;0;0;0;0;0;0;0;0;0;0;0;0;0;0;0;0;0;0;0;0;0;0;0;0;0;0;0;0;0;0;0;0;0;0;0;0;0;0;0;0;0;0;0;0;0;0;0;0;0;0;2;0;0;0;0;0;0;2;0;4;2;0;2;0;0;0;0;0;0;0;0;0;0;0;0;0;0;0;0;0;2;0;0;0
governor;0;0;0;0;0;0;0;0;0;0;0;0;0;0;0;0;0;0;0;0;0;0;0;0;0;0;0;0;0;0;0;0;0;0;0;0;0;0;0;0;0;0;0;0;0;0;0;0;0;0;0;0;0;0;0;0;0;0;0;2;0;0;0;0;0;0;2;2;0;0;6;2;0;0;0;0;0;2;0;0;0;0;0;4;0;0;10;0;0;0;0;0;0;0;0;0;0;0;2;0
funding;0;0;0;0;0;0;0;0;0;0;0;0;0;0;0;0;0;0;0;0;0;0;0;0;0;0;0;0;0;0;0;0;0;0;0;0;0;0;0;0;0;0;0;0;0;0;0;0;0;0;0;0;0;0;0;0;6;2;2;0;0;0;2;0;0;0;0;2;0;0;0;0;0;0;0;2;0;2;0;0;0;0;0;6;0;0;0;8;0;2;0;0;0;0;0;0;0;0;0;0
important;0;0;0;0;0;0;0;0;0;0;0;0;0;0;0;0;0;0;0;0;0;0;0;0;0;0;0;0;0;0;0;0;0;0;0;0;0;0;0;0;0;0;0;0;0;0;0;0;0;0;0;0;0;0;0;0;0;0;0;0;0;0;0;2;0;0;0;0;0;2;0;0;2;0;0;2;0;0;0;0;0;0;4;4;0;0;0;4;0;0;0;0;0;0;0;2;0;0;0;0
news;0;0;0;0;0;0;0;0;0;0;0;0;0;0;0;0;0;0;0;0;0;0;0;0;0;0;0;0;0;0;0;0;0;0;0;0;0;0;0;0;0;0;0;0;0;0;0;0;0;0;0;0;0;0;0;0;0;0;0;0;0;0;0;0;2;2;0;2;0;0;0;0;0;0;0;0;0;0;2;2;0;0;2;2;0;2;0;0;0;0;0;4;0;0;0;0;0;0;0;0
coming;0;0;0;0;0;0;0;0;0;0;0;0;0;0;0;0;0;0;0;0;0;0;0;0;0;0;0;0;0;0;0;0;0;0;0;0;0;0;0;0;0;0;0;0;0;0;0;0;0;0;0;0;0;0;0;0;0;0;0;0;0;0;0;0;0;0;0;0;0;0;2;0;0;0;0;0;0;0;0;0;0;0;0;0;0;0;0;0;2;0;0;0;2;0;0;0;2;0;0;2
george;0;0;0;0;0;0;0;0;0;0;0;0;0;0;0;0;0;0;0;0;0;0;0;0;0;0;0;0;0;0;0;0;0;0;0;0;0;0;0;0;0;0;0;0;0;0;0;0;0;0;0;0;0;0;0;0;0;0;0;0;6;6;0;0;0;0;0;0;0;0;0;0;6;6;2;0;0;0;0;0;0;0;0;0;0;0;0;0;2;0;0;0;0;0;0;0;0;0;0;0
"white_house
";0;0;0;0;0;0;0;0;0;0;0;0;0;0;0;0;0;0;0;0;0;0;0;0;0;0;0;0;0;0;0;0;0;0;0;0;0;0;0;0;0;0;0;0;0;0;0;0;0;0;0;0;0;0;0;0;0;0;0;0;0;6;2;0;2;2;0;0;0;0;0;0;8;6;0;4;0;0;2;0;0;0;0;0;0;0;0;0;0;0;0;0;0;0;0;0;0;0;2;2
socalled;0;0;0;0;0;0;0;0;0;0;0;0;0;0;0;0;0;0;0;0;0;0;0;0;0;0;0;0;0;0;0;0;0;0;0;0;0;0;0;0;0;0;0;0;0;0;0;0;0;0;0;0;0;0;0;0;0;0;0;0;0;0;0;0;0;2;0;0;0;0;0;0;6;6;2;0;0;0;0;0;0;0;0;0;0;0;0;0;0;0;0;0;0;2;0;0;0;0;0;0
together;0;0;0;0;0;0;0;0;0;0;0;0;0;0;0;0;0;0;0;0;0;0;0;0;0;0;0;0;0;0;0;0;0;0;0;0;0;0;0;0;0;0;0;0;0;0;0;0;0;0;0;0;0;0;0;0;0;0;0;0;0;0;0;0;0;0;0;0;0;2;0;2;0;0;0;0;0;0;0;0;2;2;0;2;0;0;0;2;0;0;0;0;0;2;0;0;0;0;0;0
guy;0;0;0;0;0;0;0;0;0;0;0;0;0;0;0;0;0;0;0;0;0;0;0;0;0;0;0;0;0;0;0;0;0;0;0;0;0;0;0;0;0;0;0;0;0;0;0;0;0;0;0;0;0;0;0;0;0;0;0;0;0;0;0;0;0;0;0;2;2;0;0;0;0;0;0;0;0;0;0;2;0;0;0;0;2;0;0;0;0;0;0;0;2;2;4;2;0;0;0;0
corrupt;0;0;0;0;0;0;0;0;0;0;0;0;0;0;0;0;0;0;0;0;0;0;0;0;0;0;0;0;0;0;0;0;0;0;0;0;0;0;0;0;0;0;0;0;0;0;0;0;0;0;0;0;0;0;0;0;0;0;0;0;0;0;0;0;0;8;0;0;0;0;0;0;0;0;0;6;0;0;0;0;0;0;0;0;0;0;0;0;0;0;2;2;0;0;2;0;0;0;0;0
totally;0;0;0;0;0;0;0;0;0;0;0;0;0;0;0;0;0;0;0;0;0;0;0;0;0;0;0;0;0;0;0;0;0;0;0;0;0;0;0;0;0;0;0;0;0;0;0;0;0;0;0;0;0;0;0;0;0;0;0;0;0;0;0;0;0;0;2;0;0;0;0;0;2;0;0;0;2;0;0;2;0;0;0;0;0;0;2;0;0;0;2;2;0;2;2;0;2;0;0;0
republicans;0;0;0;0;0;0;0;0;0;0;0;0;0;0;0;0;0;0;0;0;0;0;0;0;0;0;0;0;0;0;0;0;0;0;0;0;0;0;0;0;0;0;0;0;0;0;0;0;0;0;0;0;0;0;0;0;0;0;0;0;0;0;0;0;0;0;0;0;2;0;2;0;0;0;0;2;0;0;0;2;2;0;0;0;0;0;2;0;0;0;0;2;0;2;0;0;0;2;2;0
wisconsin;0;0;0;0;0;0;0;0;0;0;0;0;0;0;0;0;0;0;0;0;0;0;0;0;0;0;0;0;0;0;0;0;0;0;0;0;0;0;0;0;0;0;0;0;0;0;0;0;0;0;0;0;0;0;0;0;0;0;0;0;0;0;0;0;0;0;0;0;6;0;4;0;0;0;0;0;0;0;0;0;0;0;0;0;4;4;4;0;0;0;0;0;0;2;0;4;0;0;0;0
congress;0;0;0;0;0;0;0;0;0;0;0;0;0;0;0;0;0;0;0;0;0;0;0;0;0;0;0;0;0;0;0;0;0;0;0;0;0;0;0;0;0;0;0;0;0;0;0;0;0;0;0;0;0;0;0;0;0;0;0;0;0;0;0;0;0;0;0;0;0;0;0;0;0;0;0;0;0;0;0;4;0;4;0;0;8;4;2;0;0;0;0;0;2;0;0;2;2;2;2;0
greatest;0;0;0;0;0;0;0;0;0;0;0;0;0;0;0;0;0;0;0;0;0;0;0;0;0;0;0;0;0;0;0;0;0;0;0;0;0;0;0;0;0;0;0;0;0;0;0;0;0;0;0;0;0;0;0;0;0;0;0;0;0;0;0;0;0;0;0;0;0;0;0;0;2;4;0;0;0;0;0;0;4;0;0;0;0;0;0;0;0;0;0;0;0;0;0;6;0;0;0;0
california;0;0;0;0;0;0;0;0;0;0;0;0;0;0;0;0;0;0;0;0;0;0;0;0;0;0;0;0;0;0;0;0;0;0;0;0;0;0;0;0;0;0;0;0;0;0;0;0;0;0;0;0;0;0;0;0;0;0;0;0;0;0;0;0;0;0;0;0;0;0;0;0;0;0;0;0;0;0;0;0;4;0;0;6;0;0;8;0;0;0;0;0;0;2;0;0;0;0;0;0
soon;0;0;0;0;0;0;0;0;0;0;0;0;0;0;0;0;0;0;0;0;0;0;0;0;0;0;0;0;0;0;0;0;0;0;0;0;0;0;0;0;0;0;0;0;0;0;0;0;0;0;0;0;0;0;0;0;0;0;0;0;0;0;0;0;0;0;0;0;0;0;0;0;0;0;0;0;0;0;0;0;0;0;0;0;0;0;0;0;2;0;0;0;0;0;0;0;0;0;0;0
night;0;0;0;0;0;0;0;0;0;0;0;0;0;0;0;0;0;0;0;0;0;0;0;0;0;0;0;0;0;0;0;0;0;0;0;0;0;0;0;0;0;0;0;0;0;0;0;0;0;0;0;0;0;0;0;0;0;0;0;0;0;0;0;0;0;0;0;0;0;0;0;0;0;6;0;0;0;0;0;0;0;2;0;0;0;0;0;0;2;0;0;0;0;0;2;2;0;0;2;0
tonight;0;0;0;0;0;0;0;0;0;0;0;0;0;0;0;0;0;0;0;0;0;0;0;0;0;0;0;0;0;0;0;0;0;0;0;0;0;0;0;0;0;0;0;0;0;0;0;0;0;0;0;0;0;0;0;0;0;0;0;0;0;0;0;0;0;0;0;0;0;0;0;0;0;0;0;2;2;0;0;0;0;0;0;0;2;0;0;0;0;0;0;2;0;0;0;2;0;0;2;0
john;0;0;0;0;0;0;0;0;0;0;0;0;0;0;0;0;0;0;0;0;0;0;0;0;0;0;0;0;0;0;0;0;0;0;0;0;0;0;0;0;0;0;0;0;0;0;0;0;0;0;0;0;0;0;0;0;0;0;0;0;0;0;0;0;0;0;0;0;0;0;0;0;0;0;0;0;0;0;0;0;0;2;0;0;0;0;0;0;0;0;0;0;0;0;0;0;0;0;0;0
administration;0;0;0;0;0;0;0;0;0;0;0;0;0;0;0;0;0;0;0;0;0;0;0;0;0;0;0;0;0;0;0;0;0;0;0;0;0;0;0;0;0;0;0;0;0;0;0;0;0;0;0;0;0;0;0;0;0;0;0;0;0;0;0;0;0;0;0;0;0;0;0;0;0;0;0;0;2;0;4;0;0;0;0;0;0;0;0;2;0;0;0;0;0;0;0;0;2;2;0;0
russia;0;0;0;0;0;0;0;0;0;0;0;0;0;0;0;0;0;0;0;0;0;0;0;0;0;0;0;0;0;0;0;0;0;0;0;0;0;0;0;0;0;0;0;0;0;0;0;0;0;0;0;0;0;0;0;0;0;0;0;0;0;0;0;0;0;0;0;0;0;0;0;0;0;0;0;0;0;0;0;0;0;0;0;0;0;0;0;0;0;0;0;2;2;0;0;0;0;0;0;0
michigan;0;0;0;0;0;0;0;0;0;0;0;0;0;0;0;0;0;0;0;0;0;0;0;0;0;0;0;0;0;0;0;0;0;0;0;0;0;0;0;0;0;0;0;0;0;0;0;0;0;0;0;0;0;0;0;0;0;0;0;0;0;0;0;0;0;0;0;0;0;0;0;0;0;0;0;0;0;0;2;0;0;0;0;0;0;0;0;0;0;2;0;0;0;0;0;0;0;0;4;0
stay;0;0;0;0;0;0;0;0;0;0;0;0;0;0;0;0;0;0;0;0;0;0;0;0;0;0;0;0;0;0;0;0;0;0;0;0;0;0;0;0;0;0;0;0;0;0;0;0;0;0;0;0;0;0;0;0;0;0;0;0;0;0;0;0;0;0;0;0;0;0;0;0;0;0;0;0;0;0;0;0;0;0;2;0;0;0;0;2;0;0;2;0;2;0;0;0;4;2;2;2
strongly;0;0;0;0;0;0;0;0;0;0;0;0;0;0;0;0;0;0;0;0;0;0;0;0;0;0;0;0;0;0;0;0;0;0;0;0;0;0;0;0;0;0;0;0;0;0;0;0;0;0;0;0;0;0;0;0;0;0;0;0;0;0;0;0;0;0;0;0;0;0;0;0;0;0;0;0;0;0;0;0;0;6;0;0;14;4;0;0;0;0;4;0;0;0;0;0;0;2;0;0
trying;0;0;0;0;0;0;0;0;0;0;0;0;0;0;0;0;0;0;0;0;0;0;0;0;0;0;0;0;0;0;0;0;0;0;0;0;0;0;0;0;0;0;0;0;0;0;0;0;0;0;0;0;0;0;0;0;0;0;0;0;0;0;0;0;0;0;0;0;0;0;0;0;0;0;0;0;0;0;0;0;0;0;0;2;0;0;2;0;0;2;0;0;0;0;0;0;0;2;0;0
businesses;0;0;0;0;0;0;0;0;0;0;0;0;0;0;0;0;0;0;0;0;0;0;0;0;0;0;0;0;0;0;0;0;0;0;0;0;0;0;0;0;0;0;0;0;0;0;0;0;0;0;0;0;0;0;0;0;0;0;0;0;0;0;0;0;0;0;0;0;0;0;0;0;0;0;0;0;0;0;0;0;0;0;0;0;6;6;0;0;0;0;0;0;0;0;0;0;0;0;0;0
funds;0;0;0;0;0;0;0;0;0;0;0;0;0;0;0;0;0;0;0;0;0;0;0;0;0;0;0;0;0;0;0;0;0;0;0;0;0;0;0;0;0;0;0;0;0;0;0;0;0;0;0;0;0;0;0;0;0;0;0;0;0;0;0;0;0;0;0;0;0;0;0;0;0;0;0;0;0;0;0;0;0;0;0;4;0;0;0;0;0;2;2;0;0;0;0;0;0;0;0;0
area;0;0;0;0;0;0;0;0;0;0;0;0;0;0;0;0;0;0;0;0;0;0;0;0;0;0;0;0;0;0;0;0;0;0;0;0;0;0;0;0;0;0;0;0;0;0;0;0;0;0;0;0;0;0;0;0;0;0;0;0;0;0;0;0;0;0;0;0;0;0;0;0;0;0;0;0;0;0;0;0;0;0;0;0;0;0;6;4;0;0;0;0;0;0;0;0;0;0;0;0
supports;0;0;0;0;0;0;0;0;0;0;0;0;0;0;0;0;0;0;0;0;0;0;0;0;0;0;0;0;0;0;0;0;0;0;0;0;0;0;0;0;0;0;0;0;0;0;0;0;0;0;0;0;0;0;0;0;0;0;0;0;0;0;0;0;0;0;0;0;0;0;0;0;0;0;0;0;0;0;0;0;0;0;0;0;0;8;0;0;0;0;4;2;0;0;0;0;0;0;2;0
farmers;0;0;0;0;0;0;0;0;0;0;0;0;0;0;0;0;0;0;0;0;0;0;0;0;0;0;0;0;0;0;0;0;0;0;0;0;0;0;0;0;0;0;0;0;0;0;0;0;0;0;0;0;0;0;0;0;0;0;0;0;0;0;0;0;0;0;0;0;0;0;0;0;0;0;0;0;0;0;0;0;0;0;0;0;0;0;0;0;0;0;2;0;0;0;0;0;0;0;0;0
democrat;0;0;0;0;0;0;0;0;0;0;0;0;0;0;0;0;0;0;0;0;0;0;0;0;0;0;0;0;0;0;0;0;0;0;0;0;0;0;0;0;0;0;0;0;0;0;0;0;0;0;0;0;0;0;0;0;0;0;0;0;0;0;0;0;0;0;0;0;0;0;0;0;0;0;0;0;0;0;0;0;0;0;0;0;0;0;0;0;0;0;0;0;0;2;0;0;0;2;2;0
moving;0;0;0;0;0;0;0;0;0;0;0;0;0;0;0;0;0;0;0;0;0;0;0;0;0;0;0;0;0;0;0;0;0;0;0;0;0;0;0;0;0;0;0;0;0;0;0;0;0;0;0;0;0;0;0;0;0;0;0;0;0;0;0;0;0;0;0;0;0;0;0;0;0;0;0;0;0;0;0;0;0;0;0;0;0;0;0;0;0;0;0;0;0;0;0;0;0;0;0;0
looking;0;0;0;0;0;0;0;0;0;0;0;0;0;0;0;0;0;0;0;0;0;0;0;0;0;0;0;0;0;0;0;0;0;0;0;0;0;0;0;0;0;0;0;0;0;0;0;0;0;0;0;0;0;0;0;0;0;0;0;0;0;0;0;0;0;0;0;0;0;0;0;0;0;0;0;0;0;0;0;0;0;0;0;0;0;0;0;0;0;0;0;0;0;0;0;0;0;0;2;0
fraud;0;0;0;0;0;0;0;0;0;0;0;0;0;0;0;0;0;0;0;0;0;0;0;0;0;0;0;0;0;0;0;0;0;0;0;0;0;0;0;0;0;0;0;0;0;0;0;0;0;0;0;0;0;0;0;0;0;0;0;0;0;0;0;0;0;0;0;0;0;0;0;0;0;0;0;0;0;0;0;0;0;0;0;0;0;0;0;0;0;0;0;0;0;0;0;0;0;2;0;0
hard;0;0;0;0;0;0;0;0;0;0;0;0;0;0;0;0;0;0;0;0;0;0;0;0;0;0;0;0;0;0;0;0;0;0;0;0;0;0;0;0;0;0;0;0;0;0;0;0;0;0;0;0;0;0;0;0;0;0;0;0;0;0;0;0;0;0;0;0;0;0;0;0;0;0;0;0;0;0;0;0;0;0;0;0;0;0;0;0;0;0;0;0;0;0;0;0;0;0;0;0
fake;0;0;0;0;0;0;0;0;0;0;0;0;0;0;0;0;0;0;0;0;0;0;0;0;0;0;0;0;0;0;0;0;0;0;0;0;0;0;0;0;0;0;0;0;0;0;0;0;0;0;0;0;0;0;0;0;0;0;0;0;0;0;0;0;0;0;0;0;0;0;0;0;0;0;0;0;0;0;0;0;0;0;0;0;0;0;0;0;0;0;0;0;0;0;0;0;0;0;2;0
ratings;0;0;0;0;0;0;0;0;0;0;0;0;0;0;0;0;0;0;0;0;0;0;0;0;0;0;0;0;0;0;0;0;0;0;0;0;0;0;0;0;0;0;0;0;0;0;0;0;0;0;0;0;0;0;0;0;0;0;0;0;0;0;0;0;0;0;0;0;0;0;0;0;0;0;0;0;0;0;0;0;0;0;0;0;0;0;0;0;0;0;0;0;0;4;4;0;8;0;0;0
beat;0;0;0;0;0;0;0;0;0;0;0;0;0;0;0;0;0;0;0;0;0;0;0;0;0;0;0;0;0;0;0;0;0;0;0;0;0;0;0;0;0;0;0;0;0;0;0;0;0;0;0;0;0;0;0;0;0;0;0;0;0;0;0;0;0;0;0;0;0;0;0;0;0;0;0;0;0;0;0;0;0;0;0;0;0;0;0;0;0;0;0;0;0;0;2;0;4;0;0;2
show;0;0;0;0;0;0;0;0;0;0;0;0;0;0;0;0;0;0;0;0;0;0;0;0;0;0;0;0;0;0;0;0;0;0;0;0;0;0;0;0;0;0;0;0;0;0;0;0;0;0;0;0;0;0;0;0;0;0;0;0;0;0;0;0;0;0;0;0;0;0;0;0;0;0;0;0;0;0;0;0;0;0;0;0;0;0;0;0;0;0;0;0;0;0;0;0;0;0;0;0
crime;0;0;0;0;0;0;0;0;0;0;0;0;0;0;0;0;0;0;0;0;0;0;0;0;0;0;0;0;0;0;0;0;0;0;0;0;0;0;0;0;0;0;0;0;0;0;0;0;0;0;0;0;0;0;0;0;0;0;0;0;0;0;0;0;0;0;0;0;0;0;0;0;0;0;0;0;0;0;0;0;0;0;0;0;0;0;0;0;0;0;0;0;0;0;0;0;0;0;0;0
cold;0;0;0;0;0;0;0;0;0;0;0;0;0;0;0;0;0;0;0;0;0;0;0;0;0;0;0;0;0;0;0;0;0;0;0;0;0;0;0;0;0;0;0;0;0;0;0;0;0;0;0;0;0;0;0;0;0;0;0;0;0;0;0;0;0;0;0;0;0;0;0;0;0;0;0;0;0;0;0;0;0;0;0;0;0;0;0;0;0;0;0;0;0;0;0;0;0;0;0;0
twitter;0;0;0;0;0;0;0;0;0;0;0;0;0;0;0;0;0;0;0;0;0;0;0;0;0;0;0;0;0;0;0;0;0;0;0;0;0;0;0;0;0;0;0;0;0;0;0;0;0;0;0;0;0;0;0;0;0;0;0;0;0;0;0;0;0;0;0;0;0;0;0;0;0;0;0;0;0;0;0;0;0;0;0;0;0;0;0;0;0;0;0;0;0;0;0;0;0;0;2;0
put;0;0;0;0;0;0;0;0;0;0;0;0;0;0;0;0;0;0;0;0;0;0;0;0;0;0;0;0;0;0;0;0;0;0;0;0;0;0;0;0;0;0;0;0;0;0;0;0;0;0;0;0;0;0;0;0;0;0;0;0;0;0;0;0;0;0;0;0;0;0;0;0;0;0;0;0;0;0;0;0;0;0;0;0;0;0;0;0;0;0;0;0;0;0;0;0;0;0;0;2
biden;0;0;0;0;0;0;0;0;0;0;0;0;0;0;0;0;0;0;0;0;0;0;0;0;0;0;0;0;0;0;0;0;0;0;0;0;0;0;0;0;0;0;0;0;0;0;0;0;0;0;0;0;0;0;0;0;0;0;0;0;0;0;0;0;0;0;0;0;0;0;0;0;0;0;0;0;0;0;0;0;0;0;0;0;0;0;0;0;0;0;0;0;0;0;0;0;0;0;0;0
