;senate;bipartisan;american;coronavirus;businesses;help;act;families;americans;workers;relief;health;bold;legislation;republicans;stand;nation;working;people;economy;security;state;economic;democrats;work;energy;strong;medical;emergency;professionals;continue;cares;support;pass;urgent;combat;crisis;passed;cash;funding;country;healthcare;together;house;#aipac2020;senates;put;cannot;talks;agreement;leaders;aid;new;proposal;administration;hands;clear;steps;proud;federal;discuss;ready;continuing;united;historic;stay;fight;experts;officials;period;direct;local;congress;lets;national;israel;package;virus;business;yesterday;week;toward;innovation;world;statement;assistance;rush;job;speaker;democratic;close;laidoff;@potus;states;access;heroes;response;home;public;resources
senate;0;28;22;16;24;16;26;24;10;20;16;8;20;14;18;6;6;10;6;8;8;2;14;10;10;4;4;12;4;4;8;10;8;12;12;4;10;8;8;2;10;2;0;10;0;2;6;4;8;6;0;6;6;10;8;6;4;4;6;0;4;8;8;2;6;4;0;2;0;8;6;0;2;2;2;0;8;2;2;2;8;2;2;0;4;6;2;0;6;4;0;6;4;2;6;0;4;0;2;2
bipartisan;0;0;18;16;10;8;16;10;0;6;10;10;12;10;6;4;6;6;8;6;6;2;6;8;6;10;4;8;0;6;4;4;4;8;4;8;0;4;0;6;6;4;4;4;4;0;2;2;10;8;2;2;2;0;8;2;4;4;0;0;0;4;6;0;2;4;4;6;0;2;2;0;6;2;2;4;6;2;0;2;6;4;6;6;2;0;0;0;6;2;2;0;2;0;2;0;2;0;4;2
american;0;0;0;4;10;4;14;10;4;10;2;4;8;8;6;6;6;2;14;2;2;0;2;2;4;8;2;4;2;4;4;4;6;2;2;0;0;2;4;0;6;4;0;6;2;4;8;0;2;0;0;0;6;4;0;6;0;4;4;0;2;2;4;2;4;2;6;4;2;4;4;2;2;4;0;2;4;2;4;0;0;4;6;4;0;4;2;2;0;0;0;2;4;2;2;4;0;0;4;0
coronavirus;0;0;0;0;8;6;14;8;4;2;12;8;4;8;6;0;4;6;2;2;10;10;12;2;6;0;4;2;2;10;6;2;6;8;4;8;2;4;2;8;0;8;6;2;0;6;2;2;8;2;4;12;0;2;6;4;2;0;2;4;8;2;0;0;4;2;0;4;6;2;2;6;8;0;2;0;2;2;0;2;6;0;0;0;2;2;4;0;4;2;4;0;0;2;0;0;8;4;4;4
businesses;0;0;0;0;0;14;8;20;8;16;12;6;14;6;4;2;2;6;0;4;4;0;6;2;0;0;2;10;6;4;6;2;6;4;10;0;8;0;8;0;4;2;2;2;0;4;2;2;0;4;0;6;4;8;0;2;4;0;0;0;2;2;0;2;4;4;0;2;2;2;4;2;0;2;2;0;0;2;6;0;0;2;0;0;0;4;4;0;0;0;0;2;4;2;4;0;2;0;4;2
help;0;0;0;0;0;0;6;8;10;8;6;6;12;2;8;0;6;6;4;2;2;2;4;2;2;0;2;4;4;4;6;4;4;2;8;6;4;4;8;2;4;4;2;2;0;0;4;2;0;6;2;2;2;4;2;4;2;2;2;0;0;2;2;2;0;0;0;2;2;6;4;4;2;2;2;0;0;0;6;2;0;2;0;0;0;0;0;4;0;0;0;6;0;2;2;0;2;0;4;2
act;0;0;0;0;0;0;0;14;6;6;10;4;8;8;12;0;2;4;4;2;12;0;12;4;2;6;0;4;6;4;4;16;4;4;4;4;4;4;8;0;8;2;2;4;0;6;6;0;2;0;0;10;4;2;2;6;0;2;4;0;6;2;4;0;4;0;2;2;0;2;6;0;0;2;2;0;2;4;0;2;0;2;6;2;0;2;2;0;0;2;2;2;4;0;2;0;4;0;0;4
families;0;0;0;0;0;0;0;0;6;18;12;4;8;6;8;2;2;6;2;6;2;0;2;2;2;2;2;10;4;2;2;6;2;4;6;2;6;2;10;0;6;0;0;2;0;6;6;0;0;4;0;4;2;2;0;8;4;0;0;0;4;0;0;0;4;4;2;4;0;4;2;0;0;2;0;0;0;4;0;0;0;2;0;0;0;2;4;0;0;0;0;4;4;0;0;0;4;0;2;2
americans;0;0;0;0;0;0;0;0;0;4;4;4;6;2;4;6;2;0;0;4;2;2;4;2;4;0;0;0;6;2;0;2;6;2;4;2;4;4;2;2;0;4;2;4;2;0;2;2;0;0;4;2;2;4;0;2;0;2;2;0;0;2;0;0;0;0;2;4;0;2;6;2;2;0;4;0;2;0;2;0;0;0;0;0;0;2;0;0;2;0;0;4;0;0;0;0;0;0;2;2
workers;0;0;0;0;0;0;0;0;0;0;4;8;2;4;6;2;2;2;2;6;0;0;2;2;0;2;2;6;0;2;4;2;4;2;2;0;10;0;8;0;0;2;0;2;0;0;4;2;2;0;0;0;0;4;0;4;2;0;0;0;0;2;2;0;0;4;2;2;0;4;4;0;0;2;0;0;0;2;2;0;0;0;2;0;0;2;0;0;0;0;0;6;2;0;4;0;0;0;2;0
relief;0;0;0;0;0;0;0;0;0;0;0;0;6;2;6;0;0;4;0;0;10;0;10;2;0;2;0;6;2;4;0;2;2;6;8;0;2;0;2;0;4;2;0;0;0;4;0;0;2;6;0;12;2;2;0;2;2;0;2;0;6;0;0;0;6;2;0;0;0;0;2;0;0;0;2;0;2;0;0;0;0;2;0;0;0;4;4;0;2;0;2;0;2;0;0;0;4;0;0;0
health;0;0;0;0;0;0;0;0;0;0;0;0;4;0;2;2;0;6;0;4;0;4;4;0;2;2;2;2;0;4;2;2;4;0;0;8;4;2;0;8;0;6;0;0;0;2;0;2;4;0;4;0;0;2;2;0;2;2;0;2;0;2;2;2;0;0;2;6;4;2;0;6;4;0;0;0;2;4;2;2;2;0;2;0;0;0;0;0;2;0;0;2;0;2;2;0;0;0;8;4
bold;0;0;0;0;0;0;0;0;0;0;0;0;0;4;4;4;6;6;2;4;2;0;4;2;2;0;2;6;2;2;2;4;6;2;8;4;0;2;2;0;6;4;2;4;0;2;2;2;0;4;0;2;6;6;0;0;2;6;0;0;0;2;4;0;2;0;0;2;0;0;2;0;0;0;0;0;0;0;2;2;2;2;0;0;0;2;0;0;0;0;0;0;2;0;2;0;0;0;2;2
legislation;0;0;0;0;0;0;0;0;0;0;0;0;0;0;0;0;0;2;2;2;2;2;2;0;2;4;2;2;2;2;2;2;8;8;4;2;2;4;2;0;0;0;0;4;0;2;0;0;4;2;0;0;4;2;2;0;0;0;0;0;0;0;2;0;2;0;0;0;0;2;2;0;2;2;2;0;2;0;0;0;2;0;2;0;4;2;0;0;2;0;0;0;2;0;0;0;2;0;0;2
republicans;0;0;0;0;0;0;0;0;0;0;0;0;0;0;0;2;0;2;2;2;4;0;6;4;4;0;0;2;0;2;2;6;2;2;2;4;0;0;6;0;2;4;2;2;0;0;4;0;0;2;0;4;0;4;4;6;0;2;0;2;2;4;2;0;0;2;0;0;0;4;2;0;0;0;0;0;0;2;0;2;0;0;0;0;0;2;2;0;0;2;0;4;2;0;0;0;2;0;0;2
stand;0;0;0;0;0;0;0;0;0;0;0;0;0;0;0;0;2;0;2;2;0;2;0;0;2;0;0;2;0;0;0;0;2;0;0;0;0;0;0;0;0;2;0;4;4;0;0;0;0;0;2;0;0;2;0;0;0;2;0;0;0;2;0;2;0;0;2;2;0;0;0;0;0;0;0;2;0;0;0;0;0;0;0;2;2;0;0;0;0;0;0;0;0;0;0;0;0;0;2;0
nation;0;0;0;0;0;0;0;0;0;0;0;0;0;0;0;0;0;2;2;2;0;0;0;0;0;0;4;0;4;0;6;2;0;0;0;2;2;2;4;0;2;0;4;2;4;2;4;4;0;0;0;0;4;2;0;2;0;4;0;0;2;0;0;0;2;0;6;0;0;0;0;0;0;2;2;4;0;2;2;2;2;0;0;4;0;0;0;0;0;0;0;2;0;0;2;2;0;0;0;0
working;0;0;0;0;0;0;0;0;0;0;0;0;0;0;0;0;0;0;0;0;0;4;2;0;0;0;0;4;0;2;0;2;2;2;4;4;4;2;0;0;4;2;2;0;0;2;0;2;0;4;2;0;2;0;0;0;4;0;0;4;0;0;2;0;0;0;2;0;4;0;0;4;0;0;0;0;0;2;0;2;0;2;0;0;0;0;0;0;0;0;0;2;0;0;0;2;2;2;0;0
people;0;0;0;0;0;0;0;0;0;0;0;0;0;0;0;0;0;0;0;0;0;0;0;2;0;2;2;0;0;0;0;2;0;0;0;0;0;0;2;0;4;0;0;2;2;2;2;0;0;0;0;0;0;0;0;2;0;0;2;0;0;0;2;0;0;0;4;0;0;2;0;0;2;2;0;2;2;0;0;0;0;0;0;2;0;0;0;4;0;0;0;2;2;0;0;0;0;0;0;0
economy;0;0;0;0;0;0;0;0;0;0;0;0;0;0;0;0;0;0;0;0;0;2;0;0;4;2;8;2;0;0;2;0;4;2;0;2;2;2;0;2;0;2;0;4;0;0;0;0;2;0;2;0;2;2;2;0;2;6;0;0;0;2;0;0;0;2;2;0;0;2;0;0;4;0;0;0;0;4;0;0;2;0;0;0;0;0;0;0;2;0;0;0;0;0;0;0;0;0;0;0
security;0;0;0;0;0;0;0;0;0;0;0;0;0;0;0;0;0;0;0;0;0;2;10;0;2;2;0;0;2;2;0;2;4;2;4;0;0;2;2;0;0;2;0;2;0;2;2;0;2;0;2;10;0;2;2;2;0;2;2;2;4;0;0;0;2;2;0;0;2;0;2;2;0;2;4;0;0;0;0;0;0;0;2;0;2;2;2;0;0;0;2;0;0;0;0;0;2;0;0;0
state;0;0;0;0;0;0;0;0;0;0;0;0;0;0;0;0;0;0;0;0;0;0;0;0;6;0;2;0;0;2;4;0;2;2;0;2;0;2;0;2;0;2;2;0;0;2;0;0;2;0;6;0;0;0;4;0;2;0;0;6;0;0;2;2;0;6;0;2;8;2;0;8;6;0;0;0;0;2;0;2;2;0;0;0;0;0;0;0;2;0;4;0;0;2;0;0;0;6;2;2
economic;0;0;0;0;0;0;0;0;0;0;0;0;0;0;0;0;0;0;0;0;0;0;0;2;0;0;0;2;4;4;0;4;4;2;6;2;2;0;2;2;0;2;0;0;0;2;0;0;6;0;0;10;0;2;2;2;0;0;2;0;4;2;4;0;2;0;0;0;0;0;6;0;0;0;2;0;0;0;0;2;2;0;0;0;0;4;2;0;2;0;2;0;0;0;0;0;2;0;0;0
democrats;0;0;0;0;0;0;0;0;0;0;0;0;0;0;0;0;0;0;0;0;0;0;0;0;2;2;0;2;2;4;0;0;0;0;0;2;4;2;0;0;4;2;2;2;0;0;0;0;2;2;0;0;0;0;4;0;2;0;0;4;0;2;4;0;0;0;0;0;0;0;2;0;0;0;0;0;2;0;0;2;0;0;0;0;0;0;0;0;2;0;0;0;0;0;2;0;2;0;0;0
work;0;0;0;0;0;0;0;0;0;0;0;0;0;0;0;0;0;0;0;0;0;0;0;0;0;0;2;0;0;2;2;0;2;4;0;2;0;2;0;2;2;4;0;4;0;0;0;0;4;0;4;0;0;2;8;4;0;2;0;2;0;6;2;0;0;2;0;2;2;2;0;4;4;0;0;0;2;0;0;0;2;2;0;0;0;0;2;0;4;4;0;0;0;0;0;2;0;0;2;2
energy;0;0;0;0;0;0;0;0;0;0;0;0;0;0;0;0;0;0;0;0;0;0;0;0;0;0;2;0;0;0;0;0;2;0;0;2;2;0;0;2;0;0;0;0;0;0;2;0;0;0;2;0;2;0;0;0;0;4;0;0;0;0;0;0;0;0;0;2;0;0;2;0;2;2;0;0;0;2;0;0;0;2;6;2;0;0;0;0;0;0;0;0;0;0;0;0;0;0;0;0
strong;0;0;0;0;0;0;0;0;0;0;0;0;0;0;0;0;0;0;0;0;0;0;0;0;0;0;0;2;0;0;2;0;2;2;0;2;0;2;0;4;0;0;2;2;0;2;2;0;2;0;2;0;2;0;2;0;0;4;0;0;0;0;0;0;0;0;2;0;0;2;0;0;4;0;0;0;0;4;0;2;2;0;0;0;0;0;0;2;2;0;0;0;0;0;0;0;0;0;0;0
medical;0;0;0;0;0;0;0;0;0;0;0;0;0;0;0;0;0;0;0;0;0;0;0;0;0;0;0;0;0;6;2;2;2;0;6;0;0;2;0;0;4;0;0;0;0;2;0;0;2;4;0;2;0;0;0;0;2;0;0;0;2;0;2;0;2;0;0;2;0;0;2;0;0;0;0;0;0;4;0;0;0;2;0;0;0;2;2;0;0;0;0;0;0;0;2;0;2;0;2;2
emergency;0;0;0;0;0;0;0;0;0;0;0;0;0;0;0;0;0;0;0;0;0;0;0;0;0;0;0;0;0;0;2;6;0;2;0;0;2;0;4;0;2;0;2;0;0;6;2;2;0;0;0;2;2;0;0;2;0;0;4;0;4;0;0;0;4;0;0;0;0;0;2;0;0;2;6;0;0;2;2;0;0;0;0;0;0;0;0;2;0;0;0;2;2;0;0;0;2;0;0;2
professionals;0;0;0;0;0;0;0;0;0;0;0;0;0;0;0;0;0;0;0;0;0;0;0;0;0;0;0;0;0;0;0;0;6;0;4;4;0;2;0;2;0;10;2;0;0;4;0;0;4;2;0;4;0;0;2;2;2;0;0;2;2;0;2;0;2;0;0;2;2;0;4;2;0;0;0;0;2;2;0;0;0;2;0;0;0;2;4;0;0;0;0;0;0;0;2;2;4;0;2;2
continue;0;0;0;0;0;0;0;0;0;0;0;0;0;0;0;0;0;0;0;0;0;0;0;0;0;0;0;0;0;0;0;4;0;2;0;0;4;0;6;0;2;0;0;0;0;2;2;2;2;0;0;0;0;2;2;2;0;0;0;0;2;2;0;2;2;2;0;0;4;4;0;2;4;4;0;0;0;4;4;0;4;0;0;0;0;0;0;0;2;0;2;0;0;4;2;0;0;2;2;2
cares;0;0;0;0;0;0;0;0;0;0;0;0;0;0;0;0;0;0;0;0;0;0;0;0;0;0;0;0;0;0;0;0;0;2;0;2;0;0;6;0;4;0;2;2;0;6;4;0;0;0;0;2;2;0;0;4;0;0;4;0;4;0;2;0;4;0;0;0;0;2;2;0;0;2;2;0;2;4;0;2;0;0;0;0;0;0;0;0;0;0;0;2;4;0;0;0;2;0;0;4
support;0;0;0;0;0;0;0;0;0;0;0;0;0;0;0;0;0;0;0;0;0;0;0;0;0;0;0;0;0;0;0;0;0;2;6;2;0;2;0;2;0;6;0;6;0;2;0;0;2;0;2;2;0;4;0;0;2;4;0;2;0;2;2;0;0;0;0;0;2;0;4;2;2;0;2;0;0;4;0;0;0;0;0;0;2;2;0;0;0;0;0;0;0;0;0;0;0;0;0;0
pass;0;0;0;0;0;0;0;0;0;0;0;0;0;0;0;0;0;0;0;0;0;0;0;0;0;0;0;0;0;0;0;0;0;0;2;2;2;2;0;0;0;0;0;0;0;2;0;0;2;2;0;2;0;2;2;2;0;0;2;0;2;0;0;0;4;2;0;0;0;2;0;0;2;0;2;0;2;0;0;0;2;0;0;0;0;0;0;0;2;2;0;0;2;0;0;0;4;0;0;0
urgent;0;0;0;0;0;0;0;0;0;0;0;0;0;0;0;0;0;0;0;0;0;0;0;0;0;0;0;0;0;0;0;0;0;0;0;0;0;0;2;0;4;2;0;0;0;0;0;0;2;4;0;4;0;4;0;2;2;0;0;0;0;0;2;0;0;0;0;0;0;0;4;0;0;0;0;0;0;0;0;0;2;2;0;0;2;4;2;0;0;0;0;0;0;0;0;0;0;0;0;0
combat;0;0;0;0;0;0;0;0;0;0;0;0;0;0;0;0;0;0;0;0;0;0;0;0;0;0;0;0;0;0;0;0;0;0;0;0;2;4;0;6;0;4;4;0;0;0;0;0;2;2;4;0;0;0;2;0;0;4;0;0;0;0;2;0;0;0;0;4;0;0;0;2;4;0;0;0;2;2;0;2;0;0;0;0;0;0;0;0;0;0;0;0;0;0;0;0;4;0;4;4
crisis;0;0;0;0;0;0;0;0;0;0;0;0;0;0;0;0;0;0;0;0;0;0;0;0;0;0;0;0;0;0;0;0;0;0;0;0;0;2;4;0;0;0;0;0;0;0;0;2;0;0;0;0;0;2;0;0;0;0;0;0;0;2;0;0;0;0;2;0;0;0;2;0;0;2;0;0;0;0;2;0;0;0;0;0;0;0;0;0;0;0;0;2;0;0;2;0;2;0;0;0
passed;0;0;0;0;0;0;0;0;0;0;0;0;0;0;0;0;0;0;0;0;0;0;0;0;0;0;0;0;0;0;0;0;0;0;0;0;0;0;0;2;0;0;0;4;0;0;0;0;0;0;2;0;2;0;0;0;0;2;2;0;0;0;0;0;0;0;0;2;0;0;0;2;2;0;2;0;2;0;0;0;0;0;0;0;2;0;0;0;0;0;0;0;0;0;2;0;2;0;2;2
cash;0;0;0;0;0;0;0;0;0;0;0;0;0;0;0;0;0;0;0;0;0;0;0;0;0;0;0;0;0;0;0;0;0;0;0;0;0;0;0;0;2;0;0;0;0;4;6;0;0;0;0;2;2;4;0;8;0;0;0;0;2;2;0;0;2;0;0;0;0;4;2;0;0;4;0;0;0;2;2;0;0;0;0;0;0;2;2;0;0;0;0;4;2;0;2;0;0;0;0;2
funding;0;0;0;0;0;0;0;0;0;0;0;0;0;0;0;0;0;0;0;0;0;0;0;0;0;0;0;0;0;0;0;0;0;0;0;0;0;0;0;0;0;2;0;0;0;0;0;0;4;0;4;0;0;0;2;0;0;2;0;0;2;2;0;0;0;0;0;4;0;0;0;2;4;0;0;0;2;2;0;0;2;0;0;0;0;0;0;0;2;0;0;0;0;0;0;0;0;0;4;4
country;0;0;0;0;0;0;0;0;0;0;0;0;0;0;0;0;0;0;0;0;0;0;0;0;0;0;0;0;0;0;0;0;0;0;0;0;0;0;0;0;0;0;0;2;0;2;2;0;0;4;0;0;0;0;2;2;2;0;2;0;2;2;2;0;2;0;0;0;0;0;0;0;0;2;0;0;2;2;0;0;0;2;0;0;0;0;0;0;0;2;0;0;2;0;0;0;0;0;0;0
healthcare;0;0;0;0;0;0;0;0;0;0;0;0;0;0;0;0;0;0;0;0;0;0;0;0;0;0;0;0;0;0;0;0;0;0;0;0;0;0;0;0;0;0;2;2;0;2;0;0;2;2;0;2;0;4;2;2;2;2;0;2;0;2;0;0;0;0;0;2;2;0;2;2;0;0;0;0;2;2;0;0;0;2;2;0;0;0;2;0;0;0;0;0;0;0;2;2;2;0;2;2
together;0;0;0;0;0;0;0;0;0;0;0;0;0;0;0;0;0;0;0;0;0;0;0;0;0;0;0;0;0;0;0;0;0;0;0;0;0;0;0;0;0;0;0;0;0;0;2;0;0;2;2;0;0;0;2;0;0;2;0;2;0;0;0;0;0;0;0;0;2;0;0;2;0;0;2;0;0;0;0;2;0;0;0;0;0;0;0;0;0;0;0;0;0;0;0;0;2;2;0;0
house;0;0;0;0;0;0;0;0;0;0;0;0;0;0;0;0;0;0;0;0;0;0;0;0;0;0;0;0;0;0;0;0;0;0;0;0;0;0;0;0;0;0;0;0;2;0;0;0;2;0;2;0;2;2;2;0;0;4;2;0;0;4;2;0;0;0;0;0;0;0;0;0;0;0;2;0;4;0;0;0;0;0;0;0;2;0;0;0;2;0;0;0;2;0;0;0;0;0;0;0
#aipac2020;0;0;0;0;0;0;0;0;0;0;0;0;0;0;0;0;0;0;0;0;0;0;0;0;0;0;0;0;0;0;0;0;0;0;0;0;0;0;0;0;0;0;0;0;0;0;0;0;0;0;2;0;0;0;0;0;0;0;2;0;0;0;0;2;0;0;4;0;0;0;0;0;0;0;0;8;0;0;0;0;0;0;0;4;0;0;0;0;0;2;0;0;0;2;0;0;0;2;0;0
senates;0;0;0;0;0;0;0;0;0;0;0;0;0;0;0;0;0;0;0;0;0;0;0;0;0;0;0;0;0;0;0;0;0;0;0;0;0;0;0;0;0;0;0;0;0;0;2;0;0;0;0;4;2;0;0;2;2;0;2;2;6;0;0;0;6;0;2;0;2;0;0;2;0;2;2;0;0;4;0;0;0;0;0;0;0;0;2;2;0;0;0;0;2;0;0;0;4;0;0;2
put;0;0;0;0;0;0;0;0;0;0;0;0;0;0;0;0;0;0;0;0;0;0;0;0;0;0;0;0;0;0;0;0;0;0;0;0;0;0;0;0;0;0;0;0;0;0;0;0;0;0;0;0;2;2;0;6;0;2;0;0;2;0;0;0;4;0;0;0;0;4;2;0;0;2;0;0;0;2;2;2;0;0;2;0;0;2;0;0;0;0;0;4;0;0;2;0;0;0;0;0
cannot;0;0;0;0;0;0;0;0;0;0;0;0;0;0;0;0;0;0;0;0;0;0;0;0;0;0;0;0;0;0;0;0;0;0;0;0;0;0;0;0;0;0;0;0;0;0;0;0;0;0;0;0;0;0;0;0;0;0;0;0;0;0;0;0;0;0;0;0;0;0;0;0;0;0;2;0;0;0;2;0;2;0;0;0;0;0;0;0;0;0;0;4;0;0;0;0;0;0;0;0
talks;0;0;0;0;0;0;0;0;0;0;0;0;0;0;0;0;0;0;0;0;0;0;0;0;0;0;0;0;0;0;0;0;0;0;0;0;0;0;0;0;0;0;0;0;0;0;0;0;0;0;0;2;0;0;6;0;0;0;0;0;0;4;4;0;0;0;0;2;0;2;2;0;2;0;0;0;4;0;0;0;4;0;0;0;0;2;0;0;6;0;2;0;0;0;0;0;0;0;2;2
agreement;0;0;0;0;0;0;0;0;0;0;0;0;0;0;0;0;0;0;0;0;0;0;0;0;0;0;0;0;0;0;0;0;0;0;0;0;0;0;0;0;0;0;0;0;0;0;0;0;0;0;0;0;0;0;2;0;2;0;0;0;0;0;0;0;2;0;0;0;0;0;0;0;0;0;0;0;2;0;0;0;0;4;0;0;0;0;0;0;0;0;2;0;2;0;0;0;2;0;0;0
leaders;0;0;0;0;0;0;0;0;0;0;0;0;0;0;0;0;0;0;0;0;0;0;0;0;0;0;0;0;0;0;0;0;0;0;0;0;0;0;0;0;0;0;0;0;0;0;0;0;0;0;0;0;0;0;2;0;0;2;0;4;0;0;0;0;0;2;0;2;4;0;0;6;4;0;0;0;0;2;0;0;0;0;0;0;0;0;0;0;0;0;0;0;0;0;0;0;0;2;2;2
aid;0;0;0;0;0;0;0;0;0;0;0;0;0;0;0;0;0;0;0;0;0;0;0;0;0;0;0;0;0;0;0;0;0;0;0;0;0;0;0;0;0;0;0;0;0;0;0;0;0;0;0;0;0;2;0;2;0;0;2;0;6;0;0;0;4;0;0;0;0;0;2;0;0;0;2;0;0;0;0;0;0;0;0;0;0;2;4;0;0;0;2;0;0;0;0;0;4;0;0;0
new;0;0;0;0;0;0;0;0;0;0;0;0;0;0;0;0;0;0;0;0;0;0;0;0;0;0;0;0;0;0;0;0;0;0;0;0;0;0;0;0;0;0;0;0;0;0;0;0;0;0;0;0;0;2;0;0;0;2;0;0;0;0;0;0;2;0;2;0;0;0;0;0;0;0;0;0;0;0;2;0;0;0;2;0;0;4;0;0;2;0;0;0;2;0;2;2;0;0;0;2
proposal;0;0;0;0;0;0;0;0;0;0;0;0;0;0;0;0;0;0;0;0;0;0;0;0;0;0;0;0;0;0;0;0;0;0;0;0;0;0;0;0;0;0;0;0;0;0;0;0;0;0;0;0;0;0;0;2;0;2;0;0;0;2;0;0;2;0;0;0;0;0;0;0;0;0;0;0;0;0;2;0;0;0;2;0;0;4;2;0;0;0;0;0;0;0;6;0;0;0;0;0
administration;0;0;0;0;0;0;0;0;0;0;0;0;0;0;0;0;0;0;0;0;0;0;0;0;0;0;0;0;0;0;0;0;0;0;0;0;0;0;0;0;0;0;0;0;0;0;0;0;0;0;0;0;0;0;0;0;0;0;0;2;0;6;2;0;0;2;0;0;2;2;0;2;2;0;0;0;2;0;0;0;4;0;0;0;0;0;0;0;6;2;0;0;0;0;0;0;2;0;0;0
hands;0;0;0;0;0;0;0;0;0;0;0;0;0;0;0;0;0;0;0;0;0;0;0;0;0;0;0;0;0;0;0;0;0;0;0;0;0;0;0;0;0;0;0;0;0;0;0;0;0;0;0;0;0;0;0;0;0;0;0;0;2;0;0;0;2;0;0;0;0;4;2;0;0;2;0;0;0;2;0;0;0;2;0;0;0;2;4;0;0;2;0;4;0;0;0;2;0;0;0;0
clear;0;0;0;0;0;0;0;0;0;0;0;0;0;0;0;0;0;0;0;0;0;0;0;0;0;0;0;0;0;0;0;0;0;0;0;0;0;0;0;0;0;0;0;0;0;0;0;0;0;0;0;0;0;0;0;0;0;0;0;4;0;0;0;0;0;2;0;0;2;0;0;2;0;0;0;0;0;2;0;2;0;2;0;0;0;0;2;0;0;0;0;0;0;0;0;0;0;0;0;0
steps;0;0;0;0;0;0;0;0;0;0;0;0;0;0;0;0;0;0;0;0;0;0;0;0;0;0;0;0;0;0;0;0;0;0;0;0;0;0;0;0;0;0;0;0;0;0;0;0;0;0;0;0;0;0;0;0;0;0;0;0;0;2;0;0;0;0;0;0;0;0;0;0;2;0;0;0;0;2;0;0;0;0;2;0;0;0;0;0;0;0;0;0;0;0;0;0;0;0;0;0
proud;0;0;0;0;0;0;0;0;0;0;0;0;0;0;0;0;0;0;0;0;0;0;0;0;0;0;0;0;0;0;0;0;0;0;0;0;0;0;0;0;0;0;0;0;0;0;0;0;0;0;0;0;0;0;0;0;0;0;0;0;2;0;0;2;2;0;0;0;0;0;0;0;0;0;2;2;4;0;0;0;0;0;0;0;0;0;0;2;0;0;0;0;2;2;0;0;2;0;0;0
federal;0;0;0;0;0;0;0;0;0;0;0;0;0;0;0;0;0;0;0;0;0;0;0;0;0;0;0;0;0;0;0;0;0;0;0;0;0;0;0;0;0;0;0;0;0;0;0;0;0;0;0;0;0;0;0;0;0;0;0;0;0;0;0;0;0;2;0;0;6;0;0;6;0;0;0;0;0;2;0;2;0;0;0;0;0;0;0;0;0;0;0;0;0;0;0;0;0;2;0;0
discuss;0;0;0;0;0;0;0;0;0;0;0;0;0;0;0;0;0;0;0;0;0;0;0;0;0;0;0;0;0;0;0;0;0;0;0;0;0;0;0;0;0;0;0;0;0;0;0;0;0;0;0;0;0;0;0;0;0;0;0;0;0;0;0;0;6;0;0;0;0;0;0;0;0;2;2;0;0;2;0;0;0;0;0;0;0;0;2;0;0;0;0;0;0;0;0;0;4;0;0;0
ready;0;0;0;0;0;0;0;0;0;0;0;0;0;0;0;0;0;0;0;0;0;0;0;0;0;0;0;0;0;0;0;0;0;0;0;0;0;0;0;0;0;0;0;0;0;0;0;0;0;0;0;0;0;0;0;0;0;0;0;0;0;0;2;0;0;0;0;0;0;0;0;0;0;2;0;0;2;0;2;0;2;0;0;0;0;0;0;0;4;2;0;0;0;0;0;0;0;0;0;0
continuing;0;0;0;0;0;0;0;0;0;0;0;0;0;0;0;0;0;0;0;0;0;0;0;0;0;0;0;0;0;0;0;0;0;0;0;0;0;0;0;0;0;0;0;0;0;0;0;0;0;0;0;0;0;0;0;0;0;0;0;0;0;0;0;0;0;2;0;0;0;0;2;0;0;0;0;0;2;0;0;4;0;0;0;0;0;2;0;0;2;0;2;0;0;0;0;0;0;2;0;0
united;0;0;0;0;0;0;0;0;0;0;0;0;0;0;0;0;0;0;0;0;0;0;0;0;0;0;0;0;0;0;0;0;0;0;0;0;0;0;0;0;0;0;0;0;0;0;0;0;0;0;0;0;0;0;0;0;0;0;0;0;0;0;0;0;0;0;0;0;2;4;0;2;0;0;0;2;0;0;2;0;0;0;0;0;0;0;0;0;0;2;0;0;0;6;0;0;0;0;2;0
historic;0;0;0;0;0;0;0;0;0;0;0;0;0;0;0;0;0;0;0;0;0;0;0;0;0;0;0;0;0;0;0;0;0;0;0;0;0;0;0;0;0;0;0;0;0;0;0;0;0;0;0;0;0;0;0;0;0;0;0;0;0;0;0;0;0;0;0;0;0;0;0;0;0;2;2;0;2;2;2;0;0;0;0;0;0;2;2;0;0;0;0;0;0;0;2;0;4;0;0;0
stay;0;0;0;0;0;0;0;0;0;0;0;0;0;0;0;0;0;0;0;0;0;0;0;0;0;0;0;0;0;0;0;0;0;0;0;0;0;0;0;0;0;0;0;0;0;0;0;0;0;0;0;0;0;0;0;0;0;0;0;0;0;0;0;0;0;0;0;0;4;0;0;2;2;0;0;0;0;0;0;2;0;0;0;0;0;0;0;0;0;0;4;0;2;2;0;0;0;4;0;0
fight;0;0;0;0;0;0;0;0;0;0;0;0;0;0;0;0;0;0;0;0;0;0;0;0;0;0;0;0;0;0;0;0;0;0;0;0;0;0;0;0;0;0;0;0;0;0;0;0;0;0;0;0;0;0;0;0;0;0;0;0;0;0;0;0;0;0;0;0;0;0;0;0;0;0;0;4;0;0;0;0;0;0;0;4;0;0;0;2;0;0;0;0;0;0;0;2;0;0;0;0
experts;0;0;0;0;0;0;0;0;0;0;0;0;0;0;0;0;0;0;0;0;0;0;0;0;0;0;0;0;0;0;0;0;0;0;0;0;0;0;0;0;0;0;0;0;0;0;0;0;0;0;0;0;0;0;0;0;0;0;0;0;0;0;0;0;0;0;0;0;0;0;2;2;2;0;0;0;2;0;0;0;0;2;2;2;0;0;0;0;0;0;0;0;0;0;0;0;0;0;6;4
officials;0;0;0;0;0;0;0;0;0;0;0;0;0;0;0;0;0;0;0;0;0;0;0;0;0;0;0;0;0;0;0;0;0;0;0;0;0;0;0;0;0;0;0;0;0;0;0;0;0;0;0;0;0;0;0;0;0;0;0;0;0;0;0;0;0;0;0;0;0;2;0;8;2;0;0;0;0;2;2;0;0;0;0;0;0;0;0;0;0;0;2;0;0;4;0;0;0;4;2;0
period;0;0;0;0;0;0;0;0;0;0;0;0;0;0;0;0;0;0;0;0;0;0;0;0;0;0;0;0;0;0;0;0;0;0;0;0;0;0;0;0;0;0;0;0;0;0;0;0;0;0;0;0;0;0;0;0;0;0;0;0;0;0;0;0;0;0;0;0;0;0;2;2;2;0;0;0;0;0;2;0;2;0;0;0;0;0;0;0;2;2;0;4;0;4;0;0;0;0;2;0
direct;0;0;0;0;0;0;0;0;0;0;0;0;0;0;0;0;0;0;0;0;0;0;0;0;0;0;0;0;0;0;0;0;0;0;0;0;0;0;0;0;0;0;0;0;0;0;0;0;0;0;0;0;0;0;0;0;0;0;0;0;0;0;0;0;0;0;0;0;0;0;0;0;0;0;0;0;0;0;0;0;0;2;2;2;0;2;0;0;0;0;0;2;0;0;0;0;0;0;0;0
local;0;0;0;0;0;0;0;0;0;0;0;0;0;0;0;0;0;0;0;0;0;0;0;0;0;0;0;0;0;0;0;0;0;0;0;0;0;0;0;0;0;0;0;0;0;0;0;0;0;0;0;0;0;0;0;0;0;0;0;0;0;0;0;0;0;0;0;0;0;0;0;0;2;0;0;0;0;2;2;0;0;0;0;0;0;0;0;0;0;0;0;0;0;2;0;0;0;2;4;2
congress;0;0;0;0;0;0;0;0;0;0;0;0;0;0;0;0;0;0;0;0;0;0;0;0;0;0;0;0;0;0;0;0;0;0;0;0;0;0;0;0;0;0;0;0;0;0;0;0;0;0;0;0;0;0;0;0;0;0;0;0;0;0;0;0;0;0;0;0;0;0;0;0;0;0;0;0;0;2;0;0;2;0;0;0;0;0;0;0;2;0;2;0;0;2;0;0;0;2;2;2
lets;0;0;0;0;0;0;0;0;0;0;0;0;0;0;0;0;0;0;0;0;0;0;0;0;0;0;0;0;0;0;0;0;0;0;0;0;0;0;0;0;0;0;0;0;0;0;0;0;0;0;0;0;0;0;0;0;0;0;0;0;0;0;0;0;0;0;0;0;0;0;0;0;0;0;0;0;0;2;2;0;0;0;0;0;0;0;0;0;0;0;0;0;0;0;0;0;0;0;0;0
national;0;0;0;0;0;0;0;0;0;0;0;0;0;0;0;0;0;0;0;0;0;0;0;0;0;0;0;0;0;0;0;0;0;0;0;0;0;0;0;0;0;0;0;0;0;0;0;0;0;0;0;0;0;0;0;0;0;0;0;0;0;0;0;0;0;0;0;0;0;0;0;0;0;0;0;0;0;0;2;0;0;0;0;0;2;0;0;0;0;0;0;2;0;0;0;0;2;0;0;0
israel;0;0;0;0;0;0;0;0;0;0;0;0;0;0;0;0;0;0;0;0;0;0;0;0;0;0;0;0;0;0;0;0;0;0;0;0;0;0;0;0;0;0;0;0;0;0;0;0;0;0;0;0;0;0;0;0;0;0;0;0;0;0;0;0;0;0;0;0;0;0;0;0;0;0;0;0;0;0;0;0;0;0;0;4;0;0;0;0;0;2;0;0;0;2;0;0;0;0;0;0
package;0;0;0;0;0;0;0;0;0;0;0;0;0;0;0;0;0;0;0;0;0;0;0;0;0;0;0;0;0;0;0;0;0;0;0;0;0;0;0;0;0;0;0;0;0;0;0;0;0;0;0;0;0;0;0;0;0;0;0;0;0;0;0;0;0;0;0;0;0;0;0;0;0;0;0;0;0;0;0;0;0;0;0;0;0;0;0;0;2;0;0;0;2;0;0;0;0;0;2;2
virus;0;0;0;0;0;0;0;0;0;0;0;0;0;0;0;0;0;0;0;0;0;0;0;0;0;0;0;0;0;0;0;0;0;0;0;0;0;0;0;0;0;0;0;0;0;0;0;0;0;0;0;0;0;0;0;0;0;0;0;0;0;0;0;0;0;0;0;0;0;0;0;0;0;0;0;0;0;0;0;0;0;0;0;0;0;0;0;0;0;0;0;0;0;0;0;0;0;0;0;2
business;0;0;0;0;0;0;0;0;0;0;0;0;0;0;0;0;0;0;0;0;0;0;0;0;0;0;0;0;0;0;0;0;0;0;0;0;0;0;0;0;0;0;0;0;0;0;0;0;0;0;0;0;0;0;0;0;0;0;0;0;0;0;0;0;0;0;0;0;0;0;0;0;0;0;0;0;0;0;0;0;0;0;0;0;0;2;0;0;0;0;0;2;0;2;2;0;0;0;2;0
yesterday;0;0;0;0;0;0;0;0;0;0;0;0;0;0;0;0;0;0;0;0;0;0;0;0;0;0;0;0;0;0;0;0;0;0;0;0;0;0;0;0;0;0;0;0;0;0;0;0;0;0;0;0;0;0;0;0;0;0;0;0;0;0;0;0;0;0;0;0;0;0;0;0;0;0;0;0;0;0;0;0;0;0;0;0;0;0;0;0;0;0;2;0;0;0;0;0;0;2;0;0
week;0;0;0;0;0;0;0;0;0;0;0;0;0;0;0;0;0;0;0;0;0;0;0;0;0;0;0;0;0;0;0;0;0;0;0;0;0;0;0;0;0;0;0;0;0;0;0;0;0;0;0;0;0;0;0;0;0;0;0;0;0;0;0;0;0;0;0;0;0;0;0;0;0;0;0;0;0;0;0;0;0;0;0;0;2;0;0;0;4;0;0;0;0;0;0;0;0;0;0;0
toward;0;0;0;0;0;0;0;0;0;0;0;0;0;0;0;0;0;0;0;0;0;0;0;0;0;0;0;0;0;0;0;0;0;0;0;0;0;0;0;0;0;0;0;0;0;0;0;0;0;0;0;0;0;0;0;0;0;0;0;0;0;0;0;0;0;0;0;0;0;0;0;0;0;0;0;0;0;0;0;0;0;0;2;2;0;0;2;0;0;0;2;0;2;0;0;2;0;0;0;0
innovation;0;0;0;0;0;0;0;0;0;0;0;0;0;0;0;0;0;0;0;0;0;0;0;0;0;0;0;0;0;0;0;0;0;0;0;0;0;0;0;0;0;0;0;0;0;0;0;0;0;0;0;0;0;0;0;0;0;0;0;0;0;0;0;0;0;0;0;0;0;0;0;0;0;0;0;0;0;0;0;0;0;0;0;2;0;0;0;0;0;0;0;0;0;0;2;0;0;0;0;0
world;0;0;0;0;0;0;0;0;0;0;0;0;0;0;0;0;0;0;0;0;0;0;0;0;0;0;0;0;0;0;0;0;0;0;0;0;0;0;0;0;0;0;0;0;0;0;0;0;0;0;0;0;0;0;0;0;0;0;0;0;0;0;0;0;0;0;0;0;0;0;0;0;0;0;0;0;0;0;0;0;0;0;0;0;0;0;0;0;0;0;0;0;0;0;0;0;0;0;0;0
statement;0;0;0;0;0;0;0;0;0;0;0;0;0;0;0;0;0;0;0;0;0;0;0;0;0;0;0;0;0;0;0;0;0;0;0;0;0;0;0;0;0;0;0;0;0;0;0;0;0;0;0;0;0;0;0;0;0;0;0;0;0;0;0;0;0;0;0;0;0;0;0;0;0;0;0;0;0;0;0;0;0;0;0;0;0;0;0;0;0;0;0;0;0;0;0;0;0;0;0;0
assistance;0;0;0;0;0;0;0;0;0;0;0;0;0;0;0;0;0;0;0;0;0;0;0;0;0;0;0;0;0;0;0;0;0;0;0;0;0;0;0;0;0;0;0;0;0;0;0;0;0;0;0;0;0;0;0;0;0;0;0;0;0;0;0;0;0;0;0;0;0;0;0;0;0;0;0;0;0;0;0;0;0;0;0;0;0;0;2;0;2;0;0;0;0;0;2;0;0;0;0;0
rush;0;0;0;0;0;0;0;0;0;0;0;0;0;0;0;0;0;0;0;0;0;0;0;0;0;0;0;0;0;0;0;0;0;0;0;0;0;0;0;0;0;0;0;0;0;0;0;0;0;0;0;0;0;0;0;0;0;0;0;0;0;0;0;0;0;0;0;0;0;0;0;0;0;0;0;0;0;0;0;0;0;0;0;0;0;0;0;0;0;0;0;0;0;0;0;2;2;0;0;0
job;0;0;0;0;0;0;0;0;0;0;0;0;0;0;0;0;0;0;0;0;0;0;0;0;0;0;0;0;0;0;0;0;0;0;0;0;0;0;0;0;0;0;0;0;0;0;0;0;0;0;0;0;0;0;0;0;0;0;0;0;0;0;0;0;0;0;0;0;0;0;0;0;0;0;0;0;0;0;0;0;0;0;0;0;0;0;0;0;0;0;0;0;0;0;0;0;0;0;0;0
speaker;0;0;0;0;0;0;0;0;0;0;0;0;0;0;0;0;0;0;0;0;0;0;0;0;0;0;0;0;0;0;0;0;0;0;0;0;0;0;0;0;0;0;0;0;0;0;0;0;0;0;0;0;0;0;0;0;0;0;0;0;0;0;0;0;0;0;0;0;0;0;0;0;0;0;0;0;0;0;0;0;0;0;0;0;0;0;0;0;0;0;0;0;0;0;0;0;0;0;0;0
democratic;0;0;0;0;0;0;0;0;0;0;0;0;0;0;0;0;0;0;0;0;0;0;0;0;0;0;0;0;0;0;0;0;0;0;0;0;0;0;0;0;0;0;0;0;0;0;0;0;0;0;0;0;0;0;0;0;0;0;0;0;0;0;0;0;0;0;0;0;0;0;0;0;0;0;0;0;0;0;0;0;0;0;0;0;0;0;0;0;0;0;0;0;0;2;0;0;0;0;0;0
close;0;0;0;0;0;0;0;0;0;0;0;0;0;0;0;0;0;0;0;0;0;0;0;0;0;0;0;0;0;0;0;0;0;0;0;0;0;0;0;0;0;0;0;0;0;0;0;0;0;0;0;0;0;0;0;0;0;0;0;0;0;0;0;0;0;0;0;0;0;0;0;0;0;0;0;0;0;0;0;0;0;0;0;0;0;0;0;0;0;0;0;0;2;2;0;0;0;4;0;0
laidoff;0;0;0;0;0;0;0;0;0;0;0;0;0;0;0;0;0;0;0;0;0;0;0;0;0;0;0;0;0;0;0;0;0;0;0;0;0;0;0;0;0;0;0;0;0;0;0;0;0;0;0;0;0;0;0;0;0;0;0;0;0;0;0;0;0;0;0;0;0;0;0;0;0;0;0;0;0;0;0;0;0;0;0;0;0;0;0;0;0;0;0;0;0;0;0;0;0;0;0;0
@potus;0;0;0;0;0;0;0;0;0;0;0;0;0;0;0;0;0;0;0;0;0;0;0;0;0;0;0;0;0;0;0;0;0;0;0;0;0;0;0;0;0;0;0;0;0;0;0;0;0;0;0;0;0;0;0;0;0;0;0;0;0;0;0;0;0;0;0;0;0;0;0;0;0;0;0;0;0;0;0;0;0;0;0;0;0;0;0;0;0;0;0;0;0;0;0;0;0;0;0;2
states;0;0;0;0;0;0;0;0;0;0;0;0;0;0;0;0;0;0;0;0;0;0;0;0;0;0;0;0;0;0;0;0;0;0;0;0;0;0;0;0;0;0;0;0;0;0;0;0;0;0;0;0;0;0;0;0;0;0;0;0;0;0;0;0;0;0;0;0;0;0;0;0;0;0;0;0;0;0;0;0;0;0;0;0;0;0;0;0;0;0;0;0;0;0;0;0;0;2;2;0
access;0;0;0;0;0;0;0;0;0;0;0;0;0;0;0;0;0;0;0;0;0;0;0;0;0;0;0;0;0;0;0;0;0;0;0;0;0;0;0;0;0;0;0;0;0;0;0;0;0;0;0;0;0;0;0;0;0;0;0;0;0;0;0;0;0;0;0;0;0;0;0;0;0;0;0;0;0;0;0;0;0;0;0;0;0;0;0;0;0;0;0;0;0;0;0;0;0;0;0;0
heroes;0;0;0;0;0;0;0;0;0;0;0;0;0;0;0;0;0;0;0;0;0;0;0;0;0;0;0;0;0;0;0;0;0;0;0;0;0;0;0;0;0;0;0;0;0;0;0;0;0;0;0;0;0;0;0;0;0;0;0;0;0;0;0;0;0;0;0;0;0;0;0;0;0;0;0;0;0;0;0;0;0;0;0;0;0;0;0;0;0;0;0;0;0;0;0;0;0;0;0;0
response;0;0;0;0;0;0;0;0;0;0;0;0;0;0;0;0;0;0;0;0;0;0;0;0;0;0;0;0;0;0;0;0;0;0;0;0;0;0;0;0;0;0;0;0;0;0;0;0;0;0;0;0;0;0;0;0;0;0;0;0;0;0;0;0;0;0;0;0;0;0;0;0;0;0;0;0;0;0;0;0;0;0;0;0;0;0;0;0;0;0;0;0;0;0;0;0;0;0;0;0
home;0;0;0;0;0;0;0;0;0;0;0;0;0;0;0;0;0;0;0;0;0;0;0;0;0;0;0;0;0;0;0;0;0;0;0;0;0;0;0;0;0;0;0;0;0;0;0;0;0;0;0;0;0;0;0;0;0;0;0;0;0;0;0;0;0;0;0;0;0;0;0;0;0;0;0;0;0;0;0;0;0;0;0;0;0;0;0;0;0;0;0;0;0;0;0;0;0;0;0;0
public;0;0;0;0;0;0;0;0;0;0;0;0;0;0;0;0;0;0;0;0;0;0;0;0;0;0;0;0;0;0;0;0;0;0;0;0;0;0;0;0;0;0;0;0;0;0;0;0;0;0;0;0;0;0;0;0;0;0;0;0;0;0;0;0;0;0;0;0;0;0;0;0;0;0;0;0;0;0;0;0;0;0;0;0;0;0;0;0;0;0;0;0;0;0;0;0;0;0;0;4
resources;0;0;0;0;0;0;0;0;0;0;0;0;0;0;0;0;0;0;0;0;0;0;0;0;0;0;0;0;0;0;0;0;0;0;0;0;0;0;0;0;0;0;0;0;0;0;0;0;0;0;0;0;0;0;0;0;0;0;0;0;0;0;0;0;0;0;0;0;0;0;0;0;0;0;0;0;0;0;0;0;0;0;0;0;0;0;0;0;0;0;0;0;0;0;0;0;0;0;0;0
