;president;health;house;american;people;americans;democrats;trump;security;presidents;care;#sotu;tune;families;senate;congress;act;funding;america;law;public;vote;americas;#trumpbudget;passed;response;constitution;leader;capitol;full;tonight;stand;rights;legislation;women;la;address;et;national;action;#blackhistorymonth;live;mcconnell;fight;thank;discuss;work;values;ensure;without;community;fighting;across;statement;take;union;week;rule;democratic;join;bipartisan;trumps;protect;government;opportunity;safe;@senschumer;continue;loved;workers;country;hardworking;watch;budget;together;power;democracy;financial;#coronavirus;@repescobar;del;#forthepeople;epidemic;state;republicans;message;pleasure;ongoing;justice;important;achieve;call;history;ones;working;#endgunviolence;equal;#lowerdrugcosts;crisis;de
president;0;10;0;10;12;6;2;14;6;6;4;10;4;6;8;4;4;2;2;2;2;2;6;6;0;4;6;4;4;0;6;4;2;0;2;0;6;2;2;2;0;0;2;2;2;4;2;2;2;2;0;0;2;2;0;0;4;0;4;0;2;8;2;0;4;0;0;0;0;2;0;4;4;2;0;2;2;2;0;2;0;0;0;2;4;0;4;2;0;0;0;4;2;0;0;0;0;2;0;0
health;0;0;10;4;6;10;8;6;6;4;14;6;4;12;4;2;0;8;2;0;12;0;4;10;0;4;0;0;0;0;4;0;0;0;2;0;0;4;0;0;0;0;0;0;2;6;0;2;0;0;0;0;4;2;0;4;2;0;2;2;0;0;0;0;0;0;2;0;0;0;2;6;2;4;0;0;0;4;4;0;0;2;2;6;2;2;0;4;0;2;0;0;0;0;2;0;0;0;6;0
house;0;0;0;4;4;6;12;0;0;4;6;2;6;4;10;6;10;6;0;2;8;10;6;0;12;0;2;6;0;0;2;0;2;10;2;0;0;4;0;4;0;0;6;0;0;4;0;0;2;4;0;0;2;0;6;2;4;0;0;0;6;2;2;4;0;4;0;2;2;0;2;0;2;0;4;0;0;0;0;0;0;2;2;2;2;0;0;0;0;4;0;2;0;2;4;4;2;4;4;0
american;0;0;0;0;16;0;2;2;2;6;0;4;4;2;4;6;4;0;0;2;2;2;0;4;0;2;2;0;0;0;2;2;2;2;0;0;4;2;0;2;4;2;0;2;4;2;0;0;2;0;4;0;0;0;0;0;4;0;0;0;2;4;0;0;0;2;2;2;0;2;0;2;0;0;2;0;4;2;2;2;0;0;0;0;0;2;0;2;0;0;0;2;4;0;0;2;0;0;2;0
people;0;0;0;0;0;8;2;8;4;2;2;4;4;6;6;2;2;0;0;2;2;4;2;4;2;2;0;4;0;4;2;6;2;2;0;0;4;2;0;4;0;0;2;0;2;4;0;2;0;4;0;0;0;0;2;0;2;2;0;0;2;2;0;2;0;2;2;0;2;2;2;2;2;0;0;0;0;2;2;2;0;0;2;0;0;2;0;0;0;2;2;2;2;2;0;2;0;2;2;0
americans;0;0;0;0;0;0;4;6;2;6;6;2;0;4;2;4;2;4;2;2;2;4;0;4;2;4;0;2;0;2;2;2;2;2;2;0;0;0;2;4;0;0;0;0;0;2;0;0;6;0;0;0;4;0;0;4;2;0;0;4;0;0;2;4;0;6;0;0;2;0;4;2;2;2;0;2;0;0;4;0;0;4;2;2;2;0;0;2;0;4;2;0;0;2;2;2;4;2;0;0
democrats;0;0;0;0;0;0;0;2;0;6;8;12;10;4;6;0;4;0;2;0;0;8;4;0;6;0;0;4;0;0;4;2;4;6;0;0;2;6;0;4;0;0;4;0;2;6;4;0;0;0;0;0;2;0;2;6;2;2;2;4;4;0;2;0;2;0;0;0;0;2;2;0;2;0;6;0;0;2;0;2;0;6;2;4;2;4;0;2;0;2;0;2;0;0;6;2;2;2;0;0
trump;0;0;0;0;0;0;0;0;6;0;4;2;0;6;4;2;2;0;4;2;2;2;2;2;0;2;0;0;0;0;0;0;0;0;0;4;0;0;4;0;0;0;0;2;0;0;0;2;0;0;0;0;2;0;0;0;2;4;0;0;2;0;0;0;0;0;0;0;2;0;0;0;0;0;0;2;0;2;2;4;4;0;0;0;2;0;0;0;0;0;0;2;2;2;2;0;0;2;0;4
security;0;0;0;0;0;0;0;0;0;2;0;0;2;4;0;0;0;2;0;2;0;0;4;6;0;0;2;0;0;0;0;0;0;0;0;0;0;2;8;0;0;0;0;0;0;2;0;6;0;0;0;0;0;2;0;0;0;2;2;0;0;0;0;0;0;0;2;0;0;0;0;6;0;2;0;0;2;4;0;0;0;0;0;2;0;0;0;0;0;0;0;0;0;0;0;0;0;0;0;0
presidents;0;0;0;0;0;0;0;0;0;0;4;10;8;0;2;2;4;6;0;0;0;0;0;2;0;8;2;0;0;0;6;0;0;0;0;0;8;2;4;0;0;0;0;0;0;4;0;0;0;0;2;0;2;0;0;4;0;0;6;2;0;6;0;0;0;2;0;0;2;0;2;0;4;4;0;0;2;0;0;4;0;0;0;4;0;2;0;2;0;0;0;0;0;2;0;0;0;0;0;0
care;0;0;0;0;0;0;0;0;0;0;0;6;2;6;2;0;0;0;2;0;0;0;2;2;0;0;0;0;0;0;4;0;0;0;0;0;0;2;0;0;0;0;0;0;2;4;0;0;0;0;0;0;4;0;0;4;2;0;2;2;0;0;0;0;0;0;0;0;0;0;2;0;2;0;0;0;0;0;0;0;0;2;0;4;0;2;0;2;0;2;0;0;0;0;2;0;0;0;0;0
#sotu;0;0;0;0;0;0;0;0;0;0;0;0;6;2;0;0;2;0;0;0;0;0;4;0;0;6;0;0;0;0;10;2;0;0;0;0;10;0;0;2;0;0;0;0;2;2;4;0;0;0;0;0;2;0;0;2;0;0;8;2;0;4;0;0;2;0;0;0;0;0;2;0;4;0;0;0;0;0;0;4;0;4;0;2;0;4;0;2;0;2;0;2;0;0;2;0;0;2;0;0
tune;0;0;0;0;0;0;0;0;0;0;0;0;0;2;2;0;2;0;0;0;0;4;0;2;2;4;0;2;4;0;4;0;2;4;0;0;6;6;0;2;0;4;2;0;0;6;0;0;0;0;0;0;0;0;2;2;0;0;4;0;2;4;0;0;0;0;2;0;0;0;0;2;2;0;4;0;0;2;0;4;0;0;2;2;0;2;0;0;0;0;0;0;0;0;0;2;2;0;0;0
families;0;0;0;0;0;0;0;0;0;0;0;0;0;0;4;2;4;0;6;0;0;2;6;6;2;0;0;2;0;0;2;0;2;0;2;0;0;2;0;4;0;0;2;0;0;2;0;2;0;2;2;0;4;2;4;2;2;2;0;2;0;0;2;0;0;0;2;2;4;0;0;4;2;2;0;2;0;6;0;0;0;2;0;0;2;0;0;0;0;4;0;0;0;4;4;2;0;2;0;0
senate;0;0;0;0;0;0;0;0;0;0;0;0;0;0;0;4;4;0;0;0;0;8;2;0;6;0;4;8;0;0;0;0;0;2;2;0;0;4;0;2;0;0;6;0;0;2;0;0;0;2;0;0;0;0;2;2;0;0;0;0;4;0;2;0;0;2;0;0;2;0;0;0;2;0;2;2;0;0;0;0;0;2;0;2;8;0;0;0;0;0;0;4;2;2;0;0;0;4;0;0
congress;0;0;0;0;0;0;0;0;0;0;0;0;0;0;0;0;0;6;0;0;2;2;0;0;0;0;0;0;0;2;0;2;0;0;0;0;2;0;0;2;0;0;0;2;0;0;2;0;4;0;4;0;0;2;2;2;4;0;0;0;2;0;0;6;0;6;4;0;2;0;0;0;0;0;0;2;2;0;4;0;0;0;0;2;2;0;0;0;2;0;2;2;0;2;2;4;0;0;0;0
act;0;0;0;0;0;0;0;0;0;0;0;0;0;0;0;0;0;0;0;0;2;4;2;0;8;0;0;4;0;0;0;0;0;2;0;0;0;0;0;4;0;2;4;2;2;2;0;0;2;4;0;0;0;0;4;0;0;0;0;0;0;4;0;0;0;0;0;4;2;0;0;0;2;0;2;0;0;0;0;0;0;2;2;0;2;0;0;0;0;0;0;0;0;2;0;0;0;8;0;0
funding;0;0;0;0;0;0;0;0;0;0;0;0;0;0;0;0;0;0;0;0;8;2;0;2;0;2;2;0;0;2;0;0;0;0;0;0;0;0;2;0;0;0;0;0;0;0;0;0;2;0;0;0;0;2;0;0;2;0;0;0;0;0;0;2;0;4;2;0;2;0;0;0;0;4;0;0;0;0;0;0;0;0;2;2;0;0;0;2;0;0;0;0;0;2;2;0;0;0;4;0
america;0;0;0;0;0;0;0;0;0;0;0;0;0;0;0;0;0;0;0;2;0;2;0;2;0;0;2;0;0;0;0;0;2;0;0;0;0;0;0;0;4;0;2;2;2;0;0;2;0;0;2;2;4;0;0;2;2;4;0;4;0;0;2;0;4;0;0;2;0;0;0;0;0;0;0;4;0;2;0;0;0;2;0;0;0;0;0;0;4;2;2;0;0;0;2;0;0;0;0;0
law;0;0;0;0;0;0;0;0;0;0;0;0;0;0;0;0;0;0;0;0;2;2;2;0;0;0;6;0;0;0;0;0;2;0;2;0;0;0;0;0;0;0;2;0;0;0;2;2;2;0;2;2;0;0;0;0;0;6;0;0;0;0;2;0;0;0;0;2;0;2;0;0;0;0;0;0;2;0;0;0;0;0;0;0;0;0;0;2;2;0;0;0;0;0;0;0;2;0;0;0
public;0;0;0;0;0;0;0;0;0;0;0;0;0;0;0;0;0;0;0;0;0;0;0;2;2;4;2;0;0;0;0;0;0;0;0;0;0;0;0;0;0;0;0;0;0;0;0;0;0;2;0;0;0;0;2;0;0;0;0;0;0;2;2;0;0;0;0;2;0;0;0;0;0;2;0;0;0;0;4;0;0;0;2;2;0;0;0;2;0;0;0;0;0;0;0;0;0;0;6;0
vote;0;0;0;0;0;0;0;0;0;0;0;0;0;0;0;0;0;0;0;0;0;0;2;0;8;0;2;6;0;0;0;0;2;4;0;0;0;4;0;4;0;0;8;0;0;0;0;0;2;2;0;0;0;0;4;0;2;2;0;0;6;0;0;2;0;2;0;0;2;0;0;0;2;0;6;0;0;0;0;0;0;2;0;0;2;0;0;0;2;0;0;2;2;2;2;2;2;4;0;0
americas;0;0;0;0;0;0;0;0;0;0;0;0;0;0;0;0;0;0;0;0;0;0;0;2;4;0;0;2;0;0;2;0;0;2;0;0;0;0;2;0;0;0;2;0;0;0;2;2;0;2;2;0;0;2;2;0;0;0;0;0;2;0;0;0;2;0;0;0;2;0;0;2;2;2;0;0;0;2;0;0;0;0;0;0;0;0;0;0;0;4;0;0;0;2;2;0;0;2;0;0
#trumpbudget;0;0;0;0;0;0;0;0;0;0;0;0;0;0;0;0;0;0;0;0;0;0;0;0;0;0;0;0;0;0;0;0;0;0;0;0;0;2;2;0;0;0;0;0;0;2;0;2;0;0;0;0;2;2;0;0;2;0;0;0;0;0;0;0;0;0;2;0;0;0;0;6;0;6;0;0;0;4;0;0;0;0;2;0;0;0;0;2;0;0;0;0;0;0;0;0;0;0;0;0
passed;0;0;0;0;0;0;0;0;0;0;0;0;0;0;0;0;0;0;0;0;0;0;0;0;0;0;0;8;0;0;0;0;0;6;0;0;0;2;0;4;0;0;8;0;0;0;0;0;0;4;0;0;0;0;6;0;0;0;0;0;6;2;0;0;0;0;0;0;2;0;0;0;2;0;4;0;0;0;0;0;0;2;0;0;2;0;0;0;0;2;0;2;0;2;0;2;0;6;0;0
response;0;0;0;0;0;0;0;0;0;0;0;0;0;0;0;0;0;0;0;0;0;0;0;0;0;0;0;0;0;0;4;0;0;0;0;0;6;0;0;0;0;0;0;0;0;0;0;0;0;0;0;0;0;0;0;0;0;0;6;0;0;4;0;0;0;2;0;0;2;0;0;0;2;0;0;0;0;0;4;2;0;0;0;0;0;0;0;0;0;0;0;0;0;2;0;0;0;0;2;0
constitution;0;0;0;0;0;0;0;0;0;0;0;0;0;0;0;0;0;0;0;0;0;0;0;0;0;0;0;4;0;0;0;0;0;0;0;0;0;0;2;0;0;0;4;0;0;0;0;0;0;0;0;0;0;0;0;0;0;2;0;0;0;0;4;0;0;0;0;2;0;0;0;0;0;0;0;0;2;0;0;0;0;0;0;0;2;0;0;2;2;0;0;0;0;0;0;0;0;0;0;0
leader;0;0;0;0;0;0;0;0;0;0;0;0;0;0;0;0;0;0;0;0;0;0;0;0;0;0;0;0;0;0;0;2;0;6;0;0;0;2;0;4;0;0;10;0;0;0;0;0;0;2;0;0;0;0;4;0;0;0;0;0;4;0;2;0;0;0;0;0;2;0;0;0;2;0;4;0;0;0;0;0;0;0;0;0;2;0;0;0;0;0;0;2;0;2;0;4;0;4;0;0
capitol;0;0;0;0;0;0;0;0;0;0;0;0;0;0;0;0;0;0;0;0;0;0;0;0;0;0;0;0;0;0;0;0;0;0;0;0;0;2;0;0;0;10;0;0;0;0;0;0;0;0;0;0;0;0;0;0;0;0;0;0;0;0;0;0;0;0;0;0;0;0;0;0;2;0;0;0;0;0;0;0;0;0;0;0;0;0;4;0;0;0;0;0;0;0;0;0;0;0;0;0
full;0;0;0;0;0;0;0;0;0;0;0;0;0;0;0;0;0;0;0;0;0;0;0;0;0;0;0;0;0;0;0;0;0;0;0;0;0;0;0;0;0;0;0;0;0;0;0;0;0;2;0;0;0;8;0;0;0;0;0;0;0;0;0;2;0;0;4;0;0;0;2;0;0;0;0;0;0;0;0;0;0;0;2;0;0;0;0;0;0;2;2;0;0;0;0;0;0;0;0;0
tonight;0;0;0;0;0;0;0;0;0;0;0;0;0;0;0;0;0;0;0;0;0;0;0;0;0;0;0;0;0;0;0;0;0;0;0;0;6;0;0;2;0;0;0;0;2;2;0;0;0;0;0;0;2;0;0;2;0;0;4;2;0;4;0;0;0;0;0;0;0;0;2;0;4;0;0;0;0;0;0;2;0;0;0;2;0;0;0;2;0;2;0;2;0;0;2;0;0;0;0;0
stand;0;0;0;0;0;0;0;0;0;0;0;0;0;0;0;0;0;0;0;0;0;0;0;0;0;0;0;0;0;0;0;0;2;2;0;0;2;0;0;2;0;0;0;0;2;2;4;0;0;0;0;0;0;0;0;0;2;0;0;0;2;2;0;2;0;0;2;0;0;2;0;0;0;0;0;0;0;0;2;0;0;2;0;0;0;2;2;0;0;0;2;0;0;0;0;2;0;0;0;0
rights;0;0;0;0;0;0;0;0;0;0;0;0;0;0;0;0;0;0;0;0;0;0;0;0;0;0;0;0;0;0;0;0;0;2;2;0;0;2;0;0;2;0;0;0;0;0;2;0;0;0;0;4;4;0;0;4;4;0;0;4;0;2;4;0;0;0;0;0;0;6;2;0;0;0;2;2;0;0;0;0;0;2;0;0;0;0;0;0;2;2;0;0;2;0;2;0;4;0;0;0
legislation;0;0;0;0;0;0;0;0;0;0;0;0;0;0;0;0;0;0;0;0;0;0;0;0;0;0;0;0;0;0;0;0;0;0;2;0;0;2;0;4;0;0;4;0;2;2;0;0;0;0;0;0;2;0;2;0;0;0;0;0;6;0;0;0;0;0;0;0;0;0;2;0;0;0;4;0;0;0;0;0;0;0;2;0;0;0;0;0;0;2;0;2;2;0;0;4;2;0;0;0
women;0;0;0;0;0;0;0;0;0;0;0;0;0;0;0;0;0;0;0;0;0;0;0;0;0;0;0;0;0;0;0;0;0;0;0;0;0;0;0;0;2;0;0;4;0;2;0;0;4;0;0;0;4;0;0;0;0;0;0;2;0;0;0;0;2;0;0;0;0;0;4;0;0;0;0;2;0;0;0;0;0;0;0;0;2;0;0;2;0;0;2;2;0;0;0;0;4;0;2;0
la;0;0;0;0;0;0;0;0;0;0;0;0;0;0;0;0;0;0;0;0;0;0;0;0;0;0;0;0;0;0;0;0;0;0;0;0;0;0;0;0;0;0;0;0;0;0;0;0;0;0;0;0;0;0;0;0;0;0;0;0;0;0;0;0;0;0;0;0;0;0;0;0;0;0;0;0;0;0;0;4;4;0;0;0;0;0;0;0;0;0;0;0;0;0;0;0;0;0;0;4
address;0;0;0;0;0;0;0;0;0;0;0;0;0;0;0;0;0;0;0;0;0;0;0;0;0;0;0;0;0;0;0;0;0;0;0;0;0;0;0;2;0;0;0;0;0;0;2;0;0;0;0;0;0;0;0;0;0;0;6;0;2;4;0;2;0;0;2;0;0;0;0;0;2;0;0;0;0;0;2;4;0;0;0;0;0;2;0;0;0;0;2;2;0;0;0;0;0;0;0;0
et;0;0;0;0;0;0;0;0;0;0;0;0;0;0;0;0;0;0;0;0;0;0;0;0;0;0;0;0;0;0;0;0;0;0;0;0;0;0;0;0;0;0;2;0;0;4;0;0;0;0;0;0;0;0;0;2;0;0;0;0;2;0;0;0;0;0;2;0;0;0;0;2;2;0;4;0;0;2;0;0;0;0;0;2;0;0;2;0;0;0;0;2;0;0;0;0;2;0;0;0
national;0;0;0;0;0;0;0;0;0;0;0;0;0;0;0;0;0;0;0;0;0;0;0;0;0;0;0;0;0;0;0;0;0;0;0;0;0;0;0;0;0;0;0;0;0;0;0;2;0;0;0;0;0;0;0;0;0;0;2;0;0;0;0;0;0;0;0;0;0;0;0;0;0;2;0;0;0;0;0;0;0;0;0;0;0;0;0;0;0;0;0;0;0;0;0;0;0;0;0;0
action;0;0;0;0;0;0;0;0;0;0;0;0;0;0;0;0;0;0;0;0;0;0;0;0;0;0;0;0;0;0;0;0;0;0;0;0;0;0;0;0;0;0;2;0;0;0;0;0;0;0;2;0;0;0;4;0;0;0;0;0;2;0;0;0;0;0;0;2;2;0;0;0;0;0;2;0;0;0;0;0;0;2;0;0;2;0;0;0;0;0;0;2;0;2;0;6;0;2;0;0
#blackhistorymonth;0;0;0;0;0;0;0;0;0;0;0;0;0;0;0;0;0;0;0;0;0;0;0;0;0;0;0;0;0;0;0;0;0;0;0;0;0;0;0;0;0;0;0;2;0;0;0;2;0;0;2;4;0;0;0;0;0;0;0;0;0;0;0;0;2;0;0;0;0;0;0;0;0;0;0;4;0;0;0;0;0;0;0;0;0;0;0;0;4;0;2;2;2;0;0;0;0;0;2;0
live;0;0;0;0;0;0;0;0;0;0;0;0;0;0;0;0;0;0;0;0;0;0;0;0;0;0;0;0;0;0;0;0;0;0;0;0;0;0;0;0;0;0;0;2;2;0;0;0;2;0;0;0;0;0;0;0;0;0;0;0;0;0;0;0;0;0;0;2;0;0;0;0;0;0;2;0;0;0;0;0;0;0;0;0;0;0;0;0;0;0;0;0;0;0;0;0;0;0;0;0
mcconnell;0;0;0;0;0;0;0;0;0;0;0;0;0;0;0;0;0;0;0;0;0;0;0;0;0;0;0;0;0;0;0;0;0;0;0;0;0;0;0;0;0;0;0;0;0;0;0;0;0;2;0;0;0;0;4;0;0;2;0;0;4;0;0;0;0;0;0;0;2;0;0;0;2;0;4;0;0;0;0;0;0;0;0;0;2;0;0;0;2;0;0;2;0;2;0;2;0;4;0;0
fight;0;0;0;0;0;0;0;0;0;0;0;0;0;0;0;0;0;0;0;0;0;0;0;0;0;0;0;0;0;0;0;0;0;0;0;0;0;0;0;0;0;0;0;0;2;2;0;0;4;0;0;0;2;0;0;2;0;0;0;2;0;0;0;0;2;0;0;2;2;0;2;0;0;0;2;2;0;0;0;0;0;0;0;0;0;0;0;2;2;0;4;0;0;2;0;0;0;0;0;0
thank;0;0;0;0;0;0;0;0;0;0;0;0;0;0;0;0;0;0;0;0;0;0;0;0;0;0;0;0;0;0;0;0;0;0;0;0;0;0;0;0;0;0;0;0;0;2;0;0;2;0;0;0;0;0;0;0;0;0;2;2;0;0;0;0;2;0;0;2;0;0;0;0;0;0;2;0;0;0;0;0;0;2;0;0;0;2;0;0;0;0;0;0;2;0;0;0;0;0;0;0
discuss;0;0;0;0;0;0;0;0;0;0;0;0;0;0;0;0;0;0;0;0;0;0;0;0;0;0;0;0;0;0;0;0;0;0;0;0;0;0;0;0;0;0;0;0;0;0;0;0;2;0;0;0;2;0;0;4;0;0;0;2;0;0;0;0;2;0;2;0;0;0;2;2;2;0;0;0;0;2;0;0;0;0;2;4;0;0;0;2;0;0;0;0;0;0;0;0;0;0;0;0
work;0;0;0;0;0;0;0;0;0;0;0;0;0;0;0;0;0;0;0;0;0;0;0;0;0;0;0;0;0;0;0;0;0;0;0;0;0;0;0;0;0;0;0;0;0;0;0;0;0;0;0;4;0;0;0;0;0;0;0;0;2;0;2;2;2;0;2;0;0;2;0;0;0;0;0;0;2;0;2;0;0;2;0;0;0;0;0;0;0;0;2;0;0;0;0;0;0;0;0;0
values;0;0;0;0;0;0;0;0;0;0;0;0;0;0;0;0;0;0;0;0;0;0;0;0;0;0;0;0;0;0;0;0;0;0;0;0;0;0;0;0;0;0;0;0;0;0;0;0;0;0;0;2;0;2;0;0;0;2;2;0;0;0;0;0;2;0;0;0;0;0;0;2;0;2;0;0;0;2;0;0;0;0;0;0;0;0;0;0;2;0;0;0;0;0;0;0;0;0;0;0
ensure;0;0;0;0;0;0;0;0;0;0;0;0;0;0;0;0;0;0;0;0;0;0;0;0;0;0;0;0;0;0;0;0;0;0;0;0;0;0;0;0;0;0;0;0;0;0;0;0;0;0;0;0;0;0;0;0;2;0;0;0;0;0;0;4;2;4;0;2;0;0;0;0;0;0;2;0;0;0;2;0;0;0;0;0;0;0;0;0;0;0;0;0;0;0;2;0;2;0;0;0
without;0;0;0;0;0;0;0;0;0;0;0;0;0;0;0;0;0;0;0;0;0;0;0;0;0;0;0;0;0;0;0;0;0;0;0;0;0;0;0;0;0;0;0;0;0;0;0;0;0;0;0;0;0;0;4;0;0;0;0;0;0;2;0;2;0;0;0;0;2;0;0;0;2;0;0;0;0;0;0;0;0;0;0;0;0;0;0;0;0;0;0;0;0;2;0;0;0;2;0;0
community;0;0;0;0;0;0;0;0;0;0;0;0;0;0;0;0;0;0;0;0;0;0;0;0;0;0;0;0;0;0;0;0;0;0;0;0;0;0;0;0;0;0;0;0;0;0;0;0;0;0;0;0;0;0;2;0;0;0;0;0;0;0;0;0;0;0;0;2;2;0;0;0;0;0;0;0;2;0;0;0;0;0;0;0;0;0;0;0;0;0;0;0;0;2;0;2;0;0;0;0
fighting;0;0;0;0;0;0;0;0;0;0;0;0;0;0;0;0;0;0;0;0;0;0;0;0;0;0;0;0;0;0;0;0;0;0;0;0;0;0;0;0;0;0;0;0;0;0;0;0;0;0;0;0;0;0;0;0;0;0;0;0;0;0;2;0;2;0;0;0;0;2;0;0;0;0;0;0;2;0;0;0;0;0;0;0;0;0;0;0;4;0;0;0;2;0;0;0;0;0;0;0
across;0;0;0;0;0;0;0;0;0;0;0;0;0;0;0;0;0;0;0;0;0;0;0;0;0;0;0;0;0;0;0;0;0;0;0;0;0;0;0;0;0;0;0;0;0;0;0;0;0;0;0;0;0;0;0;4;2;0;0;6;0;0;2;0;0;0;0;0;0;0;6;0;2;0;0;2;0;0;0;0;0;2;0;2;0;0;0;4;0;2;2;0;0;0;0;0;2;0;0;0
statement;0;0;0;0;0;0;0;0;0;0;0;0;0;0;0;0;0;0;0;0;0;0;0;0;0;0;0;0;0;0;0;0;0;0;0;0;0;0;0;0;0;0;0;0;0;0;0;0;0;0;0;0;0;0;0;0;0;0;0;0;0;0;0;0;0;0;4;0;0;0;0;2;0;2;0;0;0;2;0;0;0;0;0;0;0;0;0;0;0;0;0;0;0;0;0;0;0;0;0;0
take;0;0;0;0;0;0;0;0;0;0;0;0;0;0;0;0;0;0;0;0;0;0;0;0;0;0;0;0;0;0;0;0;0;0;0;0;0;0;0;0;0;0;0;0;0;0;0;0;0;0;0;0;0;0;0;0;0;0;0;0;2;2;0;0;0;0;0;0;4;0;0;2;2;0;2;0;0;0;0;0;0;0;0;0;0;0;2;0;0;0;0;0;0;4;0;4;0;2;0;0
union;0;0;0;0;0;0;0;0;0;0;0;0;0;0;0;0;0;0;0;0;0;0;0;0;0;0;0;0;0;0;0;0;0;0;0;0;0;0;0;0;0;0;0;0;0;0;0;0;0;0;0;0;0;0;0;0;2;0;0;6;0;0;4;0;0;0;0;0;0;2;2;0;2;0;0;2;0;0;0;0;0;2;0;4;0;0;0;2;2;2;0;0;0;0;2;0;0;0;0;0
week;0;0;0;0;0;0;0;0;0;0;0;0;0;0;0;0;0;0;0;0;0;0;0;0;0;0;0;0;0;0;0;0;0;0;0;0;0;0;0;0;0;0;0;0;0;0;0;0;0;0;0;0;0;0;0;0;0;0;0;2;0;2;2;2;0;2;0;0;0;4;0;0;0;0;0;0;0;0;0;0;0;0;0;0;0;0;0;0;0;0;0;0;0;0;4;2;0;0;0;0
rule;0;0;0;0;0;0;0;0;0;0;0;0;0;0;0;0;0;0;0;0;0;0;0;0;0;0;0;0;0;0;0;0;0;0;0;0;0;0;0;0;0;0;0;0;0;0;0;0;0;0;0;0;0;0;0;0;0;0;0;0;0;0;0;0;0;0;0;0;0;0;0;0;0;0;0;0;0;2;0;0;0;0;0;0;0;0;0;0;2;0;0;0;0;0;2;0;0;0;0;0
democratic;0;0;0;0;0;0;0;0;0;0;0;0;0;0;0;0;0;0;0;0;0;0;0;0;0;0;0;0;0;0;0;0;0;0;0;0;0;0;0;0;0;0;0;0;0;0;0;0;0;0;0;0;0;0;0;0;0;0;0;0;0;4;0;0;0;0;0;0;0;0;0;0;2;0;0;0;0;0;0;2;0;2;0;0;0;2;0;0;0;0;0;0;0;0;0;0;0;0;0;0
join;0;0;0;0;0;0;0;0;0;0;0;0;0;0;0;0;0;0;0;0;0;0;0;0;0;0;0;0;0;0;0;0;0;0;0;0;0;0;0;0;0;0;0;0;0;0;0;0;0;0;0;0;0;0;0;0;0;0;0;0;0;0;4;0;2;0;0;0;0;2;4;0;2;0;0;2;0;0;0;0;0;2;0;2;0;0;0;4;0;2;2;0;0;0;2;0;0;0;0;0
bipartisan;0;0;0;0;0;0;0;0;0;0;0;0;0;0;0;0;0;0;0;0;0;0;0;0;0;0;0;0;0;0;0;0;0;0;0;0;0;0;0;0;0;0;0;0;0;0;0;0;0;0;0;0;0;0;0;0;0;0;0;0;0;0;0;2;0;0;2;0;0;0;0;0;0;0;4;0;0;0;2;0;0;0;0;0;0;0;0;0;0;2;2;2;2;0;0;2;0;0;0;0
trumps;0;0;0;0;0;0;0;0;0;0;0;0;0;0;0;0;0;0;0;0;0;0;0;0;0;0;0;0;0;0;0;0;0;0;0;0;0;0;0;0;0;0;0;0;0;0;0;0;0;0;0;0;0;0;0;0;0;0;0;0;0;0;0;0;0;0;0;0;0;2;0;0;2;0;0;0;0;0;0;2;0;0;0;0;0;0;0;0;0;0;0;0;0;0;0;0;0;0;0;0
protect;0;0;0;0;0;0;0;0;0;0;0;0;0;0;0;0;0;0;0;0;0;0;0;0;0;0;0;0;0;0;0;0;0;0;0;0;0;0;0;0;0;0;0;0;0;0;0;0;0;0;0;0;0;0;0;0;0;0;0;0;0;0;0;0;0;0;0;2;0;2;0;0;0;0;0;2;2;0;0;0;0;2;0;0;0;0;0;0;0;2;0;0;0;0;2;0;0;0;0;0
government;0;0;0;0;0;0;0;0;0;0;0;0;0;0;0;0;0;0;0;0;0;0;0;0;0;0;0;0;0;0;0;0;0;0;0;0;0;0;0;0;0;0;0;0;0;0;0;0;0;0;0;0;0;0;0;0;0;0;0;0;0;0;0;0;0;4;2;0;0;0;0;0;0;0;0;0;0;0;4;0;0;0;0;0;0;0;0;0;0;0;2;0;0;0;2;0;0;0;0;0
opportunity;0;0;0;0;0;0;0;0;0;0;0;0;0;0;0;0;0;0;0;0;0;0;0;0;0;0;0;0;0;0;0;0;0;0;0;0;0;0;0;0;0;0;0;0;0;0;0;0;0;0;0;0;0;0;0;0;0;0;0;0;0;0;0;0;0;0;0;0;0;0;0;0;0;0;0;0;0;0;0;0;0;0;0;0;0;0;0;0;2;0;0;0;0;0;0;0;0;0;0;0
safe;0;0;0;0;0;0;0;0;0;0;0;0;0;0;0;0;0;0;0;0;0;0;0;0;0;0;0;0;0;0;0;0;0;0;0;0;0;0;0;0;0;0;0;0;0;0;0;0;0;0;0;0;0;0;0;0;0;0;0;0;0;0;0;0;0;0;0;0;2;0;0;0;0;0;0;0;0;0;2;0;0;0;0;0;0;0;0;0;0;0;0;0;0;2;2;0;0;0;0;0
@senschumer;0;0;0;0;0;0;0;0;0;0;0;0;0;0;0;0;0;0;0;0;0;0;0;0;0;0;0;0;0;0;0;0;0;0;0;0;0;0;0;0;0;0;0;0;0;0;0;0;0;0;0;0;0;0;0;0;0;0;0;0;0;0;0;0;0;0;0;0;0;0;0;2;0;0;0;0;0;2;2;0;0;0;0;0;0;0;0;0;0;0;2;0;0;0;0;0;0;0;0;0
continue;0;0;0;0;0;0;0;0;0;0;0;0;0;0;0;0;0;0;0;0;0;0;0;0;0;0;0;0;0;0;0;0;0;0;0;0;0;0;0;0;0;0;0;0;0;0;0;0;0;0;0;0;0;0;0;0;0;0;0;0;0;0;0;0;0;0;0;0;0;0;0;0;0;0;2;0;0;0;0;0;0;0;0;0;0;0;0;0;0;0;0;0;0;0;0;0;0;0;0;0
loved;0;0;0;0;0;0;0;0;0;0;0;0;0;0;0;0;0;0;0;0;0;0;0;0;0;0;0;0;0;0;0;0;0;0;0;0;0;0;0;0;0;0;0;0;0;0;0;0;0;0;0;0;0;0;0;0;0;0;0;0;0;0;0;0;0;0;0;0;0;0;0;0;2;0;0;0;0;0;0;0;0;0;0;0;0;0;0;0;0;0;0;0;0;8;0;2;0;2;0;0
workers;0;0;0;0;0;0;0;0;0;0;0;0;0;0;0;0;0;0;0;0;0;0;0;0;0;0;0;0;0;0;0;0;0;0;0;0;0;0;0;0;0;0;0;0;0;0;0;0;0;0;0;0;0;0;0;0;0;0;0;0;0;0;0;0;0;0;0;0;0;0;0;0;0;0;0;0;0;0;0;0;0;0;0;0;0;0;0;0;0;0;0;0;0;0;2;0;0;0;0;0
country;0;0;0;0;0;0;0;0;0;0;0;0;0;0;0;0;0;0;0;0;0;0;0;0;0;0;0;0;0;0;0;0;0;0;0;0;0;0;0;0;0;0;0;0;0;0;0;0;0;0;0;0;0;0;0;0;0;0;0;0;0;0;0;0;0;0;0;0;0;0;0;0;2;0;0;0;0;0;0;0;0;0;2;2;0;0;0;4;0;2;4;0;0;0;0;0;2;0;0;0
hardworking;0;0;0;0;0;0;0;0;0;0;0;0;0;0;0;0;0;0;0;0;0;0;0;0;0;0;0;0;0;0;0;0;0;0;0;0;0;0;0;0;0;0;0;0;0;0;0;0;0;0;0;0;0;0;0;0;0;0;0;0;0;0;0;0;0;0;0;0;0;0;0;0;0;2;0;0;0;4;0;0;0;0;0;0;0;0;2;0;0;0;0;0;0;0;0;0;0;0;0;0
watch;0;0;0;0;0;0;0;0;0;0;0;0;0;0;0;0;0;0;0;0;0;0;0;0;0;0;0;0;0;0;0;0;0;0;0;0;0;0;0;0;0;0;0;0;0;0;0;0;0;0;0;0;0;0;0;0;0;0;0;0;0;0;0;0;0;0;0;0;0;0;0;0;0;0;0;0;0;0;0;2;0;0;0;2;0;0;2;2;0;0;0;0;0;2;0;0;0;2;0;0
budget;0;0;0;0;0;0;0;0;0;0;0;0;0;0;0;0;0;0;0;0;0;0;0;0;0;0;0;0;0;0;0;0;0;0;0;0;0;0;0;0;0;0;0;0;0;0;0;0;0;0;0;0;0;0;0;0;0;0;0;0;0;0;0;0;0;0;0;0;0;0;0;0;0;0;0;0;0;2;0;0;0;0;2;0;0;0;0;2;0;0;0;0;0;0;0;0;0;0;0;0
together;0;0;0;0;0;0;0;0;0;0;0;0;0;0;0;0;0;0;0;0;0;0;0;0;0;0;0;0;0;0;0;0;0;0;0;0;0;0;0;0;0;0;0;0;0;0;0;0;0;0;0;0;0;0;0;0;0;0;0;0;0;0;0;0;0;0;0;0;0;0;0;0;0;0;0;0;0;0;0;0;0;0;0;0;0;0;0;0;0;0;0;2;0;0;0;2;2;0;0;0
power;0;0;0;0;0;0;0;0;0;0;0;0;0;0;0;0;0;0;0;0;0;0;0;0;0;0;0;0;0;0;0;0;0;0;0;0;0;0;0;0;0;0;0;0;0;0;0;0;0;0;0;0;0;0;0;0;0;0;0;0;0;0;0;0;0;0;0;0;0;0;0;0;0;0;0;0;0;0;0;0;0;2;0;0;2;0;0;0;0;2;2;4;0;0;0;0;0;0;2;0
democracy;0;0;0;0;0;0;0;0;0;0;0;0;0;0;0;0;0;0;0;0;0;0;0;0;0;0;0;0;0;0;0;0;0;0;0;0;0;0;0;0;0;0;0;0;0;0;0;0;0;0;0;0;0;0;0;0;0;0;0;0;0;0;0;0;0;0;0;0;0;0;0;0;0;0;0;0;0;0;0;0;0;0;0;0;0;0;0;2;0;0;0;0;0;0;0;0;0;0;0;0
financial;0;0;0;0;0;0;0;0;0;0;0;0;0;0;0;0;0;0;0;0;0;0;0;0;0;0;0;0;0;0;0;0;0;0;0;0;0;0;0;0;0;0;0;0;0;0;0;0;0;0;0;0;0;0;0;0;0;0;0;0;0;0;0;0;0;0;0;0;0;0;0;0;0;0;0;0;0;0;0;0;0;0;0;0;0;0;0;0;0;0;0;0;0;0;2;0;0;0;0;0
#coronavirus;0;0;0;0;0;0;0;0;0;0;0;0;0;0;0;0;0;0;0;0;0;0;0;0;0;0;0;0;0;0;0;0;0;0;0;0;0;0;0;0;0;0;0;0;0;0;0;0;0;0;0;0;0;0;0;0;0;0;0;0;0;0;0;0;0;0;0;0;0;0;0;0;0;0;0;0;0;0;0;0;0;0;0;0;0;0;0;0;0;0;2;0;0;0;0;0;0;0;2;0
@repescobar;0;0;0;0;0;0;0;0;0;0;0;0;0;0;0;0;0;0;0;0;0;0;0;0;0;0;0;0;0;0;0;0;0;0;0;0;0;0;0;0;0;0;0;0;0;0;0;0;0;0;0;0;0;0;0;0;0;0;0;0;0;0;0;0;0;0;0;0;0;0;0;0;0;0;0;0;0;0;0;0;4;0;0;0;0;2;0;0;0;0;0;0;0;0;0;0;0;0;0;4
del;0;0;0;0;0;0;0;0;0;0;0;0;0;0;0;0;0;0;0;0;0;0;0;0;0;0;0;0;0;0;0;0;0;0;0;0;0;0;0;0;0;0;0;0;0;0;0;0;0;0;0;0;0;0;0;0;0;0;0;0;0;0;0;0;0;0;0;0;0;0;0;0;0;0;0;0;0;0;0;0;0;0;0;0;0;0;0;0;0;0;0;0;0;0;0;0;0;0;0;4
#forthepeople;0;0;0;0;0;0;0;0;0;0;0;0;0;0;0;0;0;0;0;0;0;0;0;0;0;0;0;0;0;0;0;0;0;0;0;0;0;0;0;0;0;0;0;0;0;0;0;0;0;0;0;0;0;0;0;0;0;0;0;0;0;0;0;0;0;0;0;0;0;0;0;0;0;0;0;0;0;0;0;0;0;0;0;0;2;2;0;0;0;2;0;0;0;0;0;0;0;2;0;0
epidemic;0;0;0;0;0;0;0;0;0;0;0;0;0;0;0;0;0;0;0;0;0;0;0;0;0;0;0;0;0;0;0;0;0;0;0;0;0;0;0;0;0;0;0;0;0;0;0;0;0;0;0;0;0;0;0;0;0;0;0;0;0;0;0;0;0;0;0;0;0;0;0;0;0;0;0;0;0;0;0;0;0;0;0;0;0;0;0;2;0;2;2;0;0;0;0;0;0;0;0;0
state;0;0;0;0;0;0;0;0;0;0;0;0;0;0;0;0;0;0;0;0;0;0;0;0;0;0;0;0;0;0;0;0;0;0;0;0;0;0;0;0;0;0;0;0;0;0;0;0;0;0;0;0;0;0;0;0;0;0;0;0;0;0;0;0;0;0;0;0;0;0;0;0;0;0;0;0;0;0;0;0;0;0;0;0;0;0;0;2;0;0;0;0;0;0;0;0;0;0;0;0
republicans;0;0;0;0;0;0;0;0;0;0;0;0;0;0;0;0;0;0;0;0;0;0;0;0;0;0;0;0;0;0;0;0;0;0;0;0;0;0;0;0;0;0;0;0;0;0;0;0;0;0;0;0;0;0;0;0;0;0;0;0;0;0;0;0;0;0;0;0;0;0;0;0;0;0;0;0;0;0;0;0;0;0;0;0;0;0;0;0;0;0;0;2;0;0;0;0;0;2;0;0
message;0;0;0;0;0;0;0;0;0;0;0;0;0;0;0;0;0;0;0;0;0;0;0;0;0;0;0;0;0;0;0;0;0;0;0;0;0;0;0;0;0;0;0;0;0;0;0;0;0;0;0;0;0;0;0;0;0;0;0;0;0;0;0;0;0;0;0;0;0;0;0;0;0;0;0;0;0;0;0;0;0;0;0;0;0;0;2;0;0;0;0;0;0;0;0;0;0;0;0;0
pleasure;0;0;0;0;0;0;0;0;0;0;0;0;0;0;0;0;0;0;0;0;0;0;0;0;0;0;0;0;0;0;0;0;0;0;0;0;0;0;0;0;0;0;0;0;0;0;0;0;0;0;0;0;0;0;0;0;0;0;0;0;0;0;0;0;0;0;0;0;0;0;0;0;0;0;0;0;0;0;0;0;0;0;0;0;0;0;0;0;0;0;0;0;0;0;0;0;0;0;0;0
ongoing;0;0;0;0;0;0;0;0;0;0;0;0;0;0;0;0;0;0;0;0;0;0;0;0;0;0;0;0;0;0;0;0;0;0;0;0;0;0;0;0;0;0;0;0;0;0;0;0;0;0;0;0;0;0;0;0;0;0;0;0;0;0;0;0;0;0;0;0;0;0;0;0;0;0;0;0;0;0;0;0;0;0;0;0;0;0;0;0;0;0;2;0;0;0;0;0;0;0;0;0
justice;0;0;0;0;0;0;0;0;0;0;0;0;0;0;0;0;0;0;0;0;0;0;0;0;0;0;0;0;0;0;0;0;0;0;0;0;0;0;0;0;0;0;0;0;0;0;0;0;0;0;0;0;0;0;0;0;0;0;0;0;0;0;0;0;0;0;0;0;0;0;0;0;0;0;0;0;0;0;0;0;0;0;0;0;0;0;0;0;0;0;0;0;2;0;0;0;0;0;0;0
important;0;0;0;0;0;0;0;0;0;0;0;0;0;0;0;0;0;0;0;0;0;0;0;0;0;0;0;0;0;0;0;0;0;0;0;0;0;0;0;0;0;0;0;0;0;0;0;0;0;0;0;0;0;0;0;0;0;0;0;0;0;0;0;0;0;0;0;0;0;0;0;0;0;0;0;0;0;0;0;0;0;0;0;0;0;0;0;0;0;0;2;0;0;0;2;0;0;0;0;0
achieve;0;0;0;0;0;0;0;0;0;0;0;0;0;0;0;0;0;0;0;0;0;0;0;0;0;0;0;0;0;0;0;0;0;0;0;0;0;0;0;0;0;0;0;0;0;0;0;0;0;0;0;0;0;0;0;0;0;0;0;0;0;0;0;0;0;0;0;0;0;0;0;0;0;0;0;0;0;0;0;0;0;0;0;0;0;0;0;0;0;0;0;0;0;0;0;0;0;0;0;0
call;0;0;0;0;0;0;0;0;0;0;0;0;0;0;0;0;0;0;0;0;0;0;0;0;0;0;0;0;0;0;0;0;0;0;0;0;0;0;0;0;0;0;0;0;0;0;0;0;0;0;0;0;0;0;0;0;0;0;0;0;0;0;0;0;0;0;0;0;0;0;0;0;0;0;0;0;0;0;0;0;0;0;0;0;0;0;0;0;0;0;0;0;0;0;0;0;0;0;2;0
history;0;0;0;0;0;0;0;0;0;0;0;0;0;0;0;0;0;0;0;0;0;0;0;0;0;0;0;0;0;0;0;0;0;0;0;0;0;0;0;0;0;0;0;0;0;0;0;0;0;0;0;0;0;0;0;0;0;0;0;0;0;0;0;0;0;0;0;0;0;0;0;0;0;0;0;0;0;0;0;0;0;0;0;0;0;0;0;0;0;0;0;0;0;0;0;0;0;0;0;0
ones;0;0;0;0;0;0;0;0;0;0;0;0;0;0;0;0;0;0;0;0;0;0;0;0;0;0;0;0;0;0;0;0;0;0;0;0;0;0;0;0;0;0;0;0;0;0;0;0;0;0;0;0;0;0;0;0;0;0;0;0;0;0;0;0;0;0;0;0;0;0;0;0;0;0;0;0;0;0;0;0;0;0;0;0;0;0;0;0;0;0;0;0;0;0;0;2;0;2;0;0
working;0;0;0;0;0;0;0;0;0;0;0;0;0;0;0;0;0;0;0;0;0;0;0;0;0;0;0;0;0;0;0;0;0;0;0;0;0;0;0;0;0;0;0;0;0;0;0;0;0;0;0;0;0;0;0;0;0;0;0;0;0;0;0;0;0;0;0;0;0;0;0;0;0;0;0;0;0;0;0;0;0;0;0;0;0;0;0;0;0;0;0;0;0;0;0;0;0;0;0;0
#endgunviolence;0;0;0;0;0;0;0;0;0;0;0;0;0;0;0;0;0;0;0;0;0;0;0;0;0;0;0;0;0;0;0;0;0;0;0;0;0;0;0;0;0;0;0;0;0;0;0;0;0;0;0;0;0;0;0;0;0;0;0;0;0;0;0;0;0;0;0;0;0;0;0;0;0;0;0;0;0;0;0;0;0;0;0;0;0;0;0;0;0;0;0;0;0;0;0;0;0;0;0;0
equal;0;0;0;0;0;0;0;0;0;0;0;0;0;0;0;0;0;0;0;0;0;0;0;0;0;0;0;0;0;0;0;0;0;0;0;0;0;0;0;0;0;0;0;0;0;0;0;0;0;0;0;0;0;0;0;0;0;0;0;0;0;0;0;0;0;0;0;0;0;0;0;0;0;0;0;0;0;0;0;0;0;0;0;0;0;0;0;0;0;0;0;0;0;0;0;0;0;0;0;0
#lowerdrugcosts;0;0;0;0;0;0;0;0;0;0;0;0;0;0;0;0;0;0;0;0;0;0;0;0;0;0;0;0;0;0;0;0;0;0;0;0;0;0;0;0;0;0;0;0;0;0;0;0;0;0;0;0;0;0;0;0;0;0;0;0;0;0;0;0;0;0;0;0;0;0;0;0;0;0;0;0;0;0;0;0;0;0;0;0;0;0;0;0;0;0;0;0;0;0;0;0;0;0;0;0
crisis;0;0;0;0;0;0;0;0;0;0;0;0;0;0;0;0;0;0;0;0;0;0;0;0;0;0;0;0;0;0;0;0;0;0;0;0;0;0;0;0;0;0;0;0;0;0;0;0;0;0;0;0;0;0;0;0;0;0;0;0;0;0;0;0;0;0;0;0;0;0;0;0;0;0;0;0;0;0;0;0;0;0;0;0;0;0;0;0;0;0;0;0;0;0;0;0;0;0;0;0
de;0;0;0;0;0;0;0;0;0;0;0;0;0;0;0;0;0;0;0;0;0;0;0;0;0;0;0;0;0;0;0;0;0;0;0;0;0;0;0;0;0;0;0;0;0;0;0;0;0;0;0;0;0;0;0;0;0;0;0;0;0;0;0;0;0;0;0;0;0;0;0;0;0;0;0;0;0;0;0;0;0;0;0;0;0;0;0;0;0;0;0;0;0;0;0;0;0;0;0;0
